Region,Site,Plant,Rep,Row,OrderGard,Unique,Biomass_g,codedup,Chemo,a_thujene,a_pinene,sabinene,b_pinene,octen_3_ol,myrcene,a_phellandrene,carene,a_terpinene,p_cymene,limonene,beta_ocimene,gama_terpinene,cis_sab_hydrate,trans_sab_hydrate,borneol,terp_4_ol,cym_8_ol,a_terpineol,nerol,isoborneol_formate,thymoquinone,geraniol,geranial,thymol,carvacrol,eugenol,caryophyllene,germ_D,total,totTC
MT,NH,5,A,1,1,97,0.6288,5A,NA,NA,NA,NA,NA,NA,NA,NA,NA,NA,NA,NA,NA,NA,NA,NA,NA,NA,NA,NA,NA,NA,NA,NA,NA,NA,NA,NA,NA,NA,NA,NA
MT,CWN,47,A,1,2,125,0.5245,47A,T,0.39,0.047,0.035,0.015,0.449,0.394,0.07,0.024,0.636,2.044,0.162,0.01,1.365,0.235,0.045,0.007,0.048,0,0.022,0,0.049,17.701,0,0,24.514,2.122,0,0,0,50.383,26.636
MT,NH,221,A,1,3,47,0.585,221A,T,0.559,0.077,0.058,0.019,0.125,0.646,0.114,0.033,1.061,2.694,0.266,0.015,2.738,0.225,0.039,0.012,0.031,0,0.022,0,0.058,9.674,0,0,41.448,3.303,0.011,0,0.008,63.236,44.751
MT,BF,216,A,1,4,201,0.9244,216A,C,0.791,0.099,0.089,0.029,0.053,0.894,0.141,0.042,1.221,3.657,0.353,0.028,7.627,0.255,0.058,0.014,0.043,0,0.021,0,0.668,8.7,0,0,0.059,46.149,0,0,0.028,71.016,46.208
MT,CWN,50,B,1,5,69,0.476,50B,T,0.792,0.15,0.087,0.037,0.398,0.785,0.14,0.046,1.154,2.743,0.29,0.014,3.905,0.303,0.049,0.017,0.048,0,0.018,0,0.512,13.041,0,0,35.268,2.67,0,0,0.108,62.578,37.938
MT,BF,125,B,1,6,70,0.709,125B,C,0.767,0.142,0.136,0.047,0.184,0.86,0.151,0.042,1.141,3.082,0.334,0.036,7.227,0.315,0.036,0,0.064,0,0.028,0,0.144,9.142,0,0,0.322,54.356,0,0,0.083,78.639,54.678
WI,BOL,16,B,1,7,207,1.7777,16B,T,0.065,0.013,0.001,0,0.075,0.095,0.003,0,0.086,0.863,0.032,0,0.509,0.019,0,0,0,0,0,0,0.002,2.535,0,0,3.787,0.125,0,0,0,8.211,3.912
MT,MJS,194,A,1,8,83,0.335,194A,T,0.635,0.101,0.074,0.028,0.137,0.709,0.103,0.032,1.04,3.098,0.276,0.016,2.919,0.338,0.064,0.021,0.05,0,0.035,0,0.079,13.856,0,0,48.346,4.086,0.074,0,0.041,76.16,52.432
WI,SRD,182,A,1,9,50,0.671,182A,T,0.014,0,0,0,0.028,0.016,0,0,0.01,0.31,0.017,0,0.065,0.01,0,0,0,0,0,0,0.024,0.527,0,0,0.677,0,0,0,0,1.698,0.677
WI,BEN,209,A,1,10,208,2.479,209A,T,0.843,0.144,0.155,0.044,0.735,0.934,0.166,0.055,1.328,3.829,0.435,0.032,6.127,0.363,0.067,0.03,0.051,0,0.046,0,0.328,12.509,0,0,60.458,3.723,0,0.051,0.069,92.525,64.181
MT,MS,158,C,1,11,58,0.661,158C,T,0.552,0.08,0.067,0.024,0.203,0.549,0.101,0.034,1.013,2.445,0.238,0.017,4.38,0.286,0.04,0.011,0.033,0,0.026,0,0.032,10.267,0,0,40.483,2.999,0.054,0,0.026,63.96,43.482
MT,MS,217,A,1,12,53,0.403,217A,T,0.35,0.059,0.042,0.02,0.179,0.374,0.061,0.022,0.542,1.799,0.174,0.004,1.325,0.239,0.054,0.017,0.033,0,0.022,0,0.029,11.655,0,0,25.045,1.992,0.008,0,0.086,44.131,27.037
MT,NH,6,A,1,13,68,0.661,6A,T,0.456,0.054,0.045,0.017,0.243,0.501,0.084,0.021,0.949,2.386,0.211,0.011,3.159,0.212,0.032,0.005,0.035,0,0.02,0,0.352,12.606,0,0,37.342,2.005,0.024,0,0,60.77,39.347
MT,NH,222,B,1,14,45,0.484,222B,T,0.165,0.031,0.021,0.007,0.032,0.228,0.044,0.015,0.446,1.211,0.113,0.006,2.122,0.14,0.024,0.009,0.02,0,0.02,0,0.128,10.559,0,0,10.404,0.654,0,0,0,26.397,11.058
WI,STB,134,B,1,15,203,0.9998,134B,T,0.025,0.005,0.003,0,0.155,0.034,0.003,0,0.025,0.973,0.02,0,0.232,0.023,0,0,0,0.012,0,0,0.079,1.657,0,0,2.552,0,0,0,0,5.797,2.552
WI,UWM,38,B,1,16,156,1.7749,38B,C,0.175,0.023,0.009,0.006,0.431,0.173,0.021,0.009,0.154,1.061,0.076,0.004,1.014,0.046,0.007,0.003,0.007,0.004,0.003,0.001,0.01,2.392,0,0,0.022,12.549,0.032,0.002,0.001,18.237,12.571
WI,BEN,172,B,1,17,154,2.2859,172B,T,0.1,0.014,0.005,0.005,0.378,0.12,0.019,0.006,0.18,0.802,0.052,0,0.729,0.045,0.003,0.003,0.01,0,0.005,0,0.009,3.723,0,0,7.018,0.63,0,0,0.008,13.866,7.648
WI,BEN,170,B,1,18,76,0.824,170B,G,0,0,0,0,0.523,0.261,0,0,0.012,0.042,0.005,0.02,0.169,0.008,0.207,0,0,0,0,0.102,0.054,0,59.713,0.771,0,0,0,0.058,0.082,62.025,0
WI,STB,198,A,1,19,159,1.1102,198A,C,0.012,0,0,0,0.126,0.017,0,0,0.004,0.828,0.008,0,0.119,0.013,0,0,0,0.011,0,0,0.082,0.488,0,0,0,0.815,0,0,0,2.524,0.815
WI,SDA,114,B,1,20,3,0.844,114B,T,0.217,0.028,0.017,0,0.343,0.315,0.038,0.013,0.336,2.138,0.134,0.006,1.513,0.161,0.039,0.003,0.028,0.012,0.016,0,0.722,5.992,0,0,28.799,0.135,0,0,0,41.004,28.934
MT,BF,123,B,2,21,84,0.526,123B,C,0.648,0.112,0.074,0.032,0.105,0.731,0.116,0.036,0.907,2.774,0.291,0.027,4.564,0.258,0.04,0.016,0.033,0,0.024,0,0.061,5.327,0,0,0.121,53.139,0,0,0.045,69.478,53.26
MT,CWN,54,B,2,22,52,1.162,54B,T,0.396,0.047,0.044,0.013,0.227,0.465,0.08,0.024,0.972,2.489,0.19,0.008,4.311,0.37,0.059,0.018,0.071,0,0.039,0,0.266,18.649,0,0,26.454,1.659,0.082,0,0.018,56.954,28.113
WI,UWM,35,A,2,23,149,3.0557,35A,C,0.229,0.038,0.024,0.008,0.816,0.268,0.038,0.012,0.359,1.202,0.101,0.005,2.865,0.074,0.003,0,0.007,0,0.004,0,0.297,3.553,0,0,0.023,13.626,0,0.035,0.061,23.65,13.649
WI,BEN,208,E,2,24,116,0.5653,208E,C,0.148,0.018,0.011,0,0.13,0.141,0.022,0.007,0.219,0.76,0.068,0,1.305,0.043,0.008,0,0.009,0,0.003,0,0.007,3.602,0,0,0.08,6.287,0,0,0.013,12.883,6.367
WI,BOL,22,A,2,25,345,3.701,22A,T,0.298,0.049,0.028,0.015,1.251,0.303,0.045,0.016,0.434,1.343,0.137,0.014,1.761,0.116,0.024,0,0.027,0,0.011,0,0.601,5.472,0,0,23.478,0.328,0,0.02,0.026,35.797,23.806
WI,SRD,175,B,2,26,24,0.842,175B,T,0.284,0.053,0.032,0.016,0.638,0.31,0.051,0.016,0.458,1.323,0.132,0.007,1.192,0.109,0.012,0,0.013,0,0.007,0,0.365,6.576,0,0,26.066,0.764,0.01,0.04,0.1,38.574,26.83
MT,BF,126,B,2,27,118,0.7872,126B,C,0.354,0.054,0.059,0.019,0.311,0.508,0.081,0.028,0.601,2.057,0.191,0.031,3.653,0.178,0.032,0.008,0.025,0,0.022,0,0.059,3.648,0,0,0.115,44.844,0,0,0.019,56.896,44.959
WI,STB,142,A,2,28,158,1.764,142A,C,0.057,0.01,0.008,0,0.147,0.09,0.01,0,0.117,0.409,0.032,0,0.644,0.031,0.011,0,0,0,0,0,0,2.444,0,0,0.009,6.694,0.021,0.006,0.014,10.755,6.703
WI,SDA,207,A,2,29,67,0.378,207A,T,0.173,0.023,0.019,0.007,0.495,0.233,0.04,0.011,0.369,1.213,0.116,0,1.214,0.088,0.014,0.006,0.015,0,0.014,0,0.27,6.942,0,0,10.143,0.298,0,0,0,21.705,10.441
MT,NH,6,B,2,30,205,0.9422,6B,T,0.299,0.029,0.024,0.01,0.018,0.278,0.048,0.013,0.574,1.681,0.125,0.006,2.489,0.089,0.014,0,0.017,0.001,0.008,0,0.09,9.837,0,0,5.086,0.276,0,0,0,21.013,5.362
WI,BEN,208,C,2,31,180,1.9555,208C,C,0.08,0.028,0.02,0.006,0.139,0.157,0.025,0.01,0.209,0.799,0.073,0,0.897,0.04,0,0,0,0,0,0,0,2.731,0,0,0.074,8.6,0,0,0.011,13.899,8.674
WI,STB,199,B,2,32,106,0.6441,199B,T,0.67,0.137,0.071,0.034,0.405,0.595,0.103,0.041,0.846,2.127,0.236,0.012,2.115,0.236,0.04,0.015,0.036,0,0.025,0,0.782,7.616,0,0,23.177,1.028,0.016,0.14,0.138,40.643,24.205
MT,MPG,204,B,2,33,64,0.672,204B,T,0.9,0.144,0.096,0.041,0.309,0.912,0.149,0.049,1.324,3.7,0.391,0.023,3.663,0.514,0.103,0.029,0.063,0,0.053,0,0.123,12.579,0,0,69.259,5.174,0.03,0,0.064,99.689,74.433
MT,MJS,197,B,2,34,114,0.7006,197B,T,0.215,0.03,0.028,0.008,0.04,0.25,0.043,0.011,0.5,1.151,0.098,0.008,3.046,0.118,0.018,0,0.012,0,0.014,0,0.016,8.005,0,0,11.821,0.807,0,0,0.002,26.24,12.628
MT,MS,158,A,2,35,124,0.2028,158A,T,0.225,0.04,0.037,0.011,0.521,0.299,0.046,0.013,0.51,2.209,0.131,0.011,2.012,0.28,0.048,0.021,0.052,0,0.025,0,0.063,8.675,0,0,42.781,2.987,0.037,0,0.021,61.057,45.768
MT,BF,127,B,2,36,36,0.196,127B,C,0.196,0.025,0.036,0.008,0.092,0.288,0.049,0.009,0.546,1.651,0.118,0.007,3.994,0.099,0.012,0.008,0.016,0,0.013,0,0.189,4.602,0,0,0.048,12.168,0,0,0,24.173,12.216
MT,CWN,226,B,2,37,46,0.412,226B,C,0.107,0.019,0.012,0.006,0.15,0.121,0.017,0.007,0.099,0.902,0.046,0.002,0.718,0.206,0.038,0.012,0.032,0,0.016,0,0.039,2.464,0,0,0.181,28.229,0,0,0,33.424,28.41
MT,BF,214,B,2,38,NA,NA,214B,C,0.929,0.171,0.101,0,0.099,0.859,0.137,0.052,0.847,3.113,0.326,0.028,4.403,0.342,0,0.023,0.058,0,0.036,0,0.149,5.357,0,0,0.163,68.436,0.015,0,0.112,85.757,68.599
MT,BF,216,B,2,39,54,0.411,216B,C,0.152,0.029,0.015,0.008,0.018,0.198,0.019,0.009,0.109,3.214,0.119,0,2.111,0.105,0.02,0,0.017,0.066,0.005,0,1.432,4.023,0,0,0.012,7.032,0,0,0,18.715,7.044
WI,SDA,227,A,2,40,272,1.247,227A,T,0,0,0,0,0.073,0.02,0.007,0,0.032,0.119,0.004,0,0.081,0.012,0,0,0,0,0,0,0.018,1.37,0,0,1.972,0,0,0,0,3.709,1.972
MT,CWN,225,A,3,41,181,1.2274,225A,T,0.408,0.084,0.044,0.019,0.151,0.409,0.066,0.029,0.562,1.611,0.179,0.012,1.786,0.155,0.03,0.009,0.024,0,0.015,0,0.539,5.28,0,0,28.889,1.325,0,0,0.105,41.732,30.214
WI,BEN,162,B,3,42,162,2.449,162B,C,0.096,0.017,0.012,0.004,0.332,0.136,0.018,0.007,0.121,0.971,0.066,0.006,1.151,0.055,0.01,0.003,0.006,0.007,0.008,0,0.437,2.13,0,0,0.109,13.999,0.02,0,0.011,19.733,14.108
WI,STB,134,A,3,43,168,2.1425,134A,T,0.648,0.119,0.07,0.035,0.702,0.612,0.106,0.033,0.953,2.291,0.273,0.016,1.797,0.24,0.044,0.018,0.037,0,0.025,0,0.759,6.859,0,0,40.814,1.811,0.026,0.097,0.146,58.529,42.625
WI,SRD,177,A,3,44,123,1.5784,177A,T,0.633,0.127,0.069,0.031,0.609,0.627,0.108,0.045,0.877,2.337,0.256,0.014,2.292,0.261,0.048,0.013,0.039,0,0.029,0,0.561,8.91,0,0,37.149,2.179,0,0.078,0.129,57.42,39.328
MT,MJS,55,B,3,45,30,0.893,55B,T,0.363,0.046,0.043,0.014,0.061,0.442,0.059,0.018,0.678,2.687,0.184,0.008,1.609,0.362,0.057,0.017,0.047,0,0.036,0,0.035,13.758,0,0,41.462,3.273,0.014,0,0,65.276,44.735
MT,MS,156,C,3,46,59,0.681,156C,T,0.25,0.048,0.023,0.011,0.187,0.247,0.038,0.016,0.346,1.15,0.106,0.004,0.674,0.133,0.03,0.01,0.02,0,0.013,0,0.022,5.013,0,0,20.535,1.486,0,0.007,0.031,30.398,22.021
MT,MS,160,A,3,47,92,0.197,160A,T,0.302,0.043,0.043,0.015,0.238,0.322,0.056,0.015,0.547,1.468,0.149,0.009,1.249,0.155,0.025,0.011,0.023,0.002,0.016,0,0.042,4.935,0,0,38.06,2.733,0.006,0.002,0.014,50.481,40.793
MT,MS,157,E,3,48,127,0.6179,157E,T,0.064,0.011,0.009,0.003,0.014,0.077,0.015,0.004,0.136,0.488,0.031,0,0.352,0.047,0.005,0,0.005,0,0.004,0,0.002,6.006,0,0,7.368,0.455,0,0,0,15.095,7.823
MT,NH,2,A,3,49,26,0.696,2A,T,0.254,0.036,0.018,0.01,0.202,0.341,0.041,0.02,0.403,1.963,0.164,0.005,1.062,0.174,0.042,0.01,0.028,0,0.028,0,0.49,11.419,0,0,17.652,0.568,0.023,0,0,34.953,18.22
MT,BF,124,B,3,50,29,0.454,124B,C,0.429,0.059,0.069,0.022,0.446,0.595,0.094,0.027,0.897,2.349,0.244,0.027,6.132,0.227,0.047,0.011,0.053,0,0.032,0,0.623,4.461,0,0,0.53,43.737,0,0,0,61.109,44.267
WI,BEN,209,E,3,51,173,1.2159,209E,C,0.032,0.008,0.004,0.003,0.226,0.045,0.008,0.004,0.053,0.36,0.026,0.002,0.3,0.029,0.006,0,0.004,0.002,0.003,0,0.008,1.188,0,0,0.025,6.317,0.011,0,0.007,8.672,6.342
WI,SDA,117,A,3,52,343,0.761,117A,T,0.032,0.006,0.004,0,0.306,0.034,0.007,0,0.056,0.219,0.012,0,0.109,0.035,0.008,0,0,0,0,0,0.065,3.448,0,0,3.937,0.101,0,0,0,8.375,4.038
MT,MJS,64,B,3,53,138,0.996,64B,T,0.102,0.013,0.006,0,0,0.104,0.017,0.01,0.147,0.625,0.047,0,0.192,0.029,0,0,0,0,0.003,0,0,4.817,0,0,5.916,0.273,0,0,0,12.3,6.189
WI,SDA,115,A,3,54,165,2.1045,115A,T,0.105,0.017,0,0,0.241,0.129,0.01,0.001,0.129,0.704,0.054,0,0.39,0.042,0.005,0,0.003,0,0,0,0.278,1.353,0,0,14.915,0.168,0,0,0,18.542,15.083
WI,UWM,41,B,3,55,339,2.407,41B,T,0.092,0.016,0.012,0.003,0.636,0.109,0.016,0.005,0.166,0.695,0.046,0,0.351,0.088,0.013,0.002,0.011,0.001,0.007,0,0.061,4.091,0,0,13.269,0.864,0.029,0,0,20.582,14.133
MT,MS,159,E,3,56,202,1.6561,159E,T,0.087,0.013,0.008,0.003,0.046,0.094,0.014,0.004,0.119,0.514,0.044,0.002,0.259,0.042,0.007,0.004,0.006,0,0.006,0,0.016,2.241,0,0,9.313,0.576,0.018,0,0,13.437,9.889
MT,BF,128,B,3,57,85,0.39,128B,C,0.05,0.009,0.006,0,0.218,0.068,0.01,0.003,0.095,0.523,0.023,0,0.6,0.104,0.02,0.009,0.015,0,0.01,0,0.018,3.339,0,0,0.036,9.909,0.022,0,0,15.09,9.945
MT,NH,221,B,3,58,115,0.8217,221B,T,0.273,0.044,0.027,0.013,0.089,0.249,0.039,0.015,0.299,1.389,0.127,0,0.711,0.136,0.033,0.011,0.026,0,0.015,0,0.029,5.781,0,0,24.961,1.523,0,0,0.007,35.798,26.484
MT,MS,161,B,3,59,60,0.885,161B,T,0.252,0.043,0.037,0.014,0.14,0.311,0.056,0.017,0.539,1.464,0.145,0.01,1.663,0.142,0.031,0.012,0.026,0.002,0.015,0,0.024,5.68,0,0,27.99,1.82,0.007,0,0.006,40.448,29.81
MT,MJS,64,A,3,60,94,0.787,64A,NA,NA,NA,NA,NA,NA,NA,NA,NA,NA,NA,NA,NA,NA,NA,NA,NA,NA,NA,NA,NA,NA,NA,NA,NA,NA,NA,NA,NA,NA,NA,NA
MT,NH,10,B,4,61,25,0.195,10B,T,0.286,0.037,0.013,0,0.065,0.284,0.033,0.004,0.372,1.665,0.125,0,0.419,0.044,0.001,0,0.001,0,0,0,0,5.952,0,0,12.456,1.014,0,0,0,22.772,13.47
MT,BF,132,A,4,62,80,0.424,132A,C,0.123,0.023,0.011,0.006,0.025,0.137,0.021,0.007,0.152,0.609,0.055,0,0.923,0.032,0,0,0.008,0,0,0,0.006,2.167,0,0,0.019,7.925,0,0,0,12.25,7.944
WI,UWM,42,A,4,63,198,0.7106,42A,NA,NA,NA,NA,NA,NA,NA,NA,NA,NA,NA,NA,NA,NA,NA,NA,NA,NA,NA,NA,NA,NA,NA,NA,NA,NA,NA,NA,NA,NA,NA,NA
WI,BEN,171,E,4,64,78,1.177,171E,T,0.097,0.012,0.008,0,0.155,0.106,0.018,0.006,0.127,0.473,0.047,0,0.156,0.024,0,0,0,0,0,0,0.051,2.688,0,0,4.911,0.192,0,0,0.009,9.079,5.103
MT,BF,213,B,4,65,335,1.108,213B,C,0.172,0.03,0.02,0.009,0.154,0.214,0.026,0.014,0.169,1.256,0.086,0.007,0.728,0.117,0.022,0.014,0.024,0,0.013,0,0.019,5.061,0,0,0.146,20.503,0.009,0,0.021,28.834,20.649
MT,MS,158,B,4,66,139,0.7112,158B,T,0.191,0.034,0.021,0.008,0.015,0.171,0.033,0.01,0.287,0.619,0.067,0.004,0.932,0.06,0.011,0.005,0.012,0,0.007,0,0.03,4.351,0,0,8.854,0.579,0.004,0,0.018,16.324,9.433
MT,CWN,49,A,4,67,43,0.867,49A,C,0.091,0.012,0.007,0,0.144,0.091,0.014,0.004,0.093,0.614,0.032,0,0.332,0.061,0.011,0.003,0.009,0,0.009,0,0.011,4.954,0,0,0.012,10.149,0,0,0,16.652,10.161
WI,STB,138,B,4,68,143,2.6318,138B,T,0.517,0.094,0.051,0,0.856,0.495,0.081,0.025,0.675,1.953,0.195,0.008,1.565,0.189,0.042,0.001,0.016,0,0.008,0,0.764,6.857,0,0,30.349,0.444,0,0.052,0.092,45.329,30.793
MT,MS,160,B,4,69,117,0.7522,160B,T,0.136,0.026,0.019,0.006,0.068,0.187,0.029,0.009,0.277,0.869,0.081,0.004,0.594,0.06,0.01,0.005,0.01,0,0.007,0,0.01,4.727,0,0,11.026,1.016,0.141,0,0.006,19.32,12.042
MT,CWN,52,B,5,82,102,1.358,52B,C,0.213,0.021,0.019,0.006,0.185,0.245,0.035,0.012,0.213,1.376,0.112,0.005,0.735,0.07,0.012,0.004,0.016,0.002,0.007,0,0.456,5.284,0,0,0.014,13.796,0,0,0,22.839,13.81
WI,BEN,171,C,5,83,144,1.4127,171C,NA,NA,NA,NA,NA,NA,NA,NA,NA,NA,NA,NA,NA,NA,NA,NA,NA,NA,NA,NA,NA,NA,NA,NA,NA,NA,NA,NA,NA,NA,NA,NA
MT,BF,121,B,4,70,186,1.4423,121B,C,0.078,0.01,0.007,0,0.042,0.096,0.013,0.003,0.108,0.462,0.036,0,0.412,0.026,0,0,0.006,0,0,0,0.221,1.937,0,0,0.011,6.277,0,0,0,9.748,6.288
WI,BEN,165,B,4,71,195,2.2774,165B,C,0.063,0.018,0.021,0.012,0.24,0.105,0.019,0.007,0.158,0.516,0.043,0,1.069,0.053,0,0,0,0,0.013,0,0,3.746,0,0,0.027,8.3,0,0,0.021,14.43,8.327
MT,BF,213,A,4,72,110,0.1309,213A,NA,NA,NA,NA,NA,NA,NA,NA,NA,NA,NA,NA,NA,NA,NA,NA,NA,NA,NA,NA,NA,NA,NA,NA,NA,NA,NA,NA,NA,NA,NA,NA
MT,CWN,225,B,4,73,28,0.526,225B,C,0.195,0.029,0.02,0.007,0.265,0.249,0.035,0.013,0.261,1.169,0.098,0.008,2.047,0.118,0.022,0.006,0.02,0,0.01,0,0.64,2.767,0,0,0.136,24.285,0,0,0.006,32.406,24.421
WI,BEN,165,A,4,74,191,1.2077,165A,NA,NA,NA,NA,NA,NA,NA,NA,NA,NA,NA,NA,NA,NA,NA,NA,NA,NA,NA,NA,NA,NA,NA,NA,NA,NA,NA,NA,NA,NA,NA,NA
WI,BEN,167,E,4,75,142,0.6079,167E,C,0.1,0.014,0.008,0.004,0.292,0.127,0.018,0.006,0.114,0.754,0.053,0.004,0.601,0.036,0.012,0,0.006,0.005,0.008,0,0.017,1.888,0,0,0.063,14.095,0,0,0.011,18.238,14.158
MT,MS,155,E,4,76,112,1.418,155E,T,0.529,0.083,0.074,0.031,0.102,0.701,0.131,0.032,1.254,3.013,0.297,0.027,4.303,0.266,0.063,0.022,0.038,0.001,0.038,0,0.096,11.947,0,0.003,45.843,3.723,0.134,0.011,0.019,72.78,49.566
MT,NH,223,B,4,77,284,1.385,223B,T,0.072,0.019,0.005,0.002,0.029,0.07,0.009,0.003,0.09,0.482,0.033,0,0.205,0.063,0.012,0.003,0.01,0,0.008,0,0.008,2.145,0,0,10.442,0.577,0.004,0,0,14.295,11.019
WI,BEN,173,C,4,78,88,0.388,173C,T,0.298,0.053,0.03,0.015,0.34,0.317,0.056,0.017,0.459,1.442,0.146,0.01,1.405,0.119,0.022,0.011,0.018,0,0.012,0,0.033,6.251,0,0,16.232,1.209,0,0.014,0.047,28.554,17.441
MT,NH,12,B,10,197,101,0.094,12B,T,0.23,0.031,0.03,0.012,0.93,0.231,0.033,0.01,0.355,1.72,0.111,0.012,1.243,0.4,0.074,0.023,0.041,0,0.032,0,0.033,6.206,0,0,37.32,2.912,0.013,0.008,0.009,52.019,40.232
WI,SRD,185,B,4,79,166,1.1687,185B,T,0.335,0.061,0.031,0.02,0.574,0.337,0.054,0.02,0.533,1.393,0.147,0.011,1.482,0.126,0.018,0,0.015,0,0.011,0,0.343,5.99,0,0,22.017,0.665,0.012,0.036,0.071,34.303,22.682
WI,UWM,36,A,5,84,132,3.0396,36A,C,0.056,0.014,0.006,0.002,0.283,0.083,0.014,0.005,0.088,0.521,0.033,0,0.267,0.029,0.006,0,0.006,0,0.002,0,0.005,2.877,0,0,0,5.856,0.001,0.002,0,10.154,5.856
WI,BEN,172,E,5,85,341,2.274,172E,C,0.092,0.018,0.008,0.004,0.09,0.092,0.014,0.005,0.128,0.351,0.034,0.003,0.519,0.022,0,0,0,0,0,0,0.048,1.454,0,0,0.011,3.971,0,0,0,6.864,3.982
MT,MS,151,A,4,80,95,0.253,151A,T,0.208,0.04,0.023,0.009,0.021,0.181,0.038,0.013,0.337,0.724,0.076,0.009,1.041,0.082,0.016,0,0.013,0,0.008,0,0,4.189,0,0,8.959,0.617,0.001,0,0.028,16.633,9.576
MT,MS,151,A,4,80,95,0.253,151A,T,0.099,0.024,0.012,0.005,0.07,0.13,0.025,0.006,0.188,0.738,0.06,0,0.402,0.053,0.01,0,0,0,0.009,0,0.077,4.301,0,0,10.855,0.778,0,0,0,17.842,11.633
MT,NH,3,B,5,81,63,1.22,3B,T,0.094,0.012,0.009,0.006,0.064,0.114,0.023,0.007,0.216,0.834,0.064,0.002,0.343,0.063,0.012,0.004,0.011,0,0.01,0,0.003,8.678,0,0,4.262,0.311,0,0.002,0,15.142,4.573
MT,BF,130,A,5,86,137,0.4912,130A,C,0.04,0.004,0.004,0,0.045,0.059,0.01,0.003,0.067,0.364,0.027,0,0.233,0.018,0,0,0,0,0,0,0.067,1.405,0,0,0,5.377,0.1,0,0,7.825,5.377
MT,CWN,46,B,5,87,104,0.444,46B,C,0.056,0.007,0.005,0.002,0.065,0.072,0.009,0.002,0.082,0.552,0.027,0,0.299,0.038,0.006,0,0.006,0,0.004,0,0.081,4.364,0,0,0.013,6.681,0.002,0,0,12.375,6.694
MT,CWN,44,A,5,88,107,0.6814,44A,C,0.114,0.01,0,0,0.046,0.128,0.02,0.006,0.191,0.792,0.054,0.004,0.836,0.036,0.006,0,0.006,0,0.004,0,0.085,3.501,0,0,0.018,6.05,0.01,0,0,11.919,6.068
MT,MJS,196,B,10,188,75,0.198,196B,T,0.106,0.018,0.008,0.005,0.001,0.116,0.016,0.007,0.131,0.605,0.052,0.003,0.463,0.032,0.006,0.004,0.005,0.003,0.004,0,0.021,1.5,0,0,6.974,0.431,0,0,0.009,10.518,7.405
WI,UWM,39,B,5,89,133,2.7722,39B,C,0.042,0.005,0.004,0.002,0.127,0.05,0.007,0.001,0.062,0.265,0.021,0,0.145,0.009,0.002,0,0.002,0,0,0,0.057,1,0,0,0,1.829,0.055,0,0.006,3.689,1.829
WI,SRD,177,B,5,90,108,0.8681,177B,T,0.037,0.01,0.005,0,0.068,0.051,0.011,0.005,0.094,0.245,0.014,0,0.397,0.028,0,0,0,0,0,0,0.024,3.302,0,0,3.729,0.148,0,0,0,8.167,3.877
WI,SRD,177,B,5,90,108,0.8681,177B,T,0.037,0.01,0.005,0,0.068,0.051,0.011,0.005,0.094,0.245,0.014,0,0.397,0.028,0,0,0,0,0,0,0.024,3.302,0,0,3.729,0.148,0,0,0,8.167,3.877
WI,BEN,163,B,5,91,145,1.6002,163B,C,0.062,0.013,0.007,0.006,0.103,0.081,0.015,0.007,0.127,0.345,0.031,0,0.937,0.033,0.008,0,0,0,0,0,0,2.193,0,0,0.018,4.048,0,0,0.006,8.043,4.066
WI,SRD,176,B,5,92,129,0.5337,176B,T,0.109,0.019,0.018,0,0.928,0.147,0.021,0.006,0.199,0.809,0.066,0,0.351,0.089,0.024,0,0.018,0,0.015,0,0.167,5.82,0,0,13.945,0.427,0,0,0,23.177,14.372
WI,BOL,15,A,5,93,15,2.298,15A,T,0.047,0.009,0,0,0.263,0.065,0.009,0,0.089,0.412,0.023,0,0.195,0.021,0,0,0,0,0,0,0,1.818,0,0,4.604,0.395,0,0,0,7.949,4.999
MT,BF,122,A,5,94,103,0.275,122A,C,0.093,0.013,0.012,0,0.019,0.115,0.015,0,0.085,0.668,0.05,0,0.359,0.037,0.005,0,0,0,0,0,0.172,2.189,0,0,0.03,7.88,0,0,0,11.744,7.91
MT,BF,131,A,5,95,109,0.4894,131A,C,0.244,0.027,0.026,0.01,0.091,0.301,0.052,0.016,0.393,1.665,0.132,0.002,1.279,0.039,0.006,0,0.007,0,0,0,0.006,3.541,0,0,0.028,12.441,0,0,0,20.304,12.469
WI,BOL,22,B,5,96,152,1.4451,22B,NA,NA,NA,NA,NA,NA,NA,NA,NA,NA,NA,NA,NA,NA,NA,NA,NA,NA,NA,NA,NA,NA,NA,NA,NA,NA,NA,NA,NA,NA,NA,NA
MT,MJS,195,A,5,97,9,1.143,195A,T,0.191,0.02,0.012,0.006,0.032,0.153,0.028,0.009,0.22,0.862,0.066,0,0.34,0.049,0.009,0,0,0,0,0,0.01,4.511,0,0,6.966,0.617,0,0,0,14.099,7.583
MT,BF,122,B,5,98,358,0.6813,122B,C,0.447,0.048,0.058,0,0.103,0.589,0.099,0.028,0.917,2.12,0.227,0.023,4.92,0.11,0.017,0,0.015,0,0.014,0,0.02,3.786,0,0,0.19,28.022,0.029,0,0,41.784,28.212
WI,SRD,181,B,5,99,155,0.6423,181B,NA,NA,NA,NA,NA,NA,NA,NA,NA,NA,NA,NA,NA,NA,NA,NA,NA,NA,NA,NA,NA,NA,NA,NA,NA,NA,NA,NA,NA,NA,NA,NA
WI,SRD,180,A,5,100,105,0.8221,180A,T,0.031,0,0,0,0.09,0.047,0.012,0.004,0.064,0.226,0.019,0,0.118,0.014,0,0,0,0,0,0,0.029,1.956,0,0,3.529,0.22,0,0,0,6.36,3.749
MT,MJS,197,A,6,101,184,0.8569,197A,T,0.169,0.026,0.013,0.008,0.086,0.167,0.026,0.009,0.2,0.798,0.066,0,0.363,0.05,0.012,0,0.006,0,0.006,0,0.012,4.506,0,0,10.313,0.804,0,0,0.011,17.648,11.117
MT,MPG,82,B,6,102,86,0.996,82B,T,0.029,0.006,0.004,0,0.031,0.049,0.007,0,0.079,0.29,0.022,0,0.125,0.032,0,0,0,0,0,0,0,3.02,0,0,5.94,0.384,0.091,0,0,10.108,6.324
WI,BEN,171,A,6,103,130,1.2985,171A,T,0.159,0.025,0.02,0.005,0.277,0.178,0.039,0.01,0.328,1.192,0.092,0.002,0.599,0.078,0.021,0.006,0.012,0,0.013,0,0.042,8.707,0,0,3.788,0.336,0,0.008,0.014,15.948,4.124
MT,MJS,66,B,6,118,51,0.216,66B,T,0.154,0.017,0.015,0.004,0.02,0.175,0.031,0.008,0.292,1.175,0.081,0,0.549,0.101,0.017,0.005,0.018,0,0.013,0,0.007,11.614,0,0,8.274,0.848,0,0,0,23.418,9.122
WI,SRD,183,B,6,104,190,1.0872,183B,T,0.02,0,0,0,0.061,0.03,0.007,0.005,0.057,0.153,0.008,0,0.189,0.006,0,0,0,0,0,0,0.011,1.097,0,0,1.151,0.034,0,0,0.009,2.838,1.185
MT,MPG,85,A,6,105,179,0.8545,85A,C,0.062,0.013,0.006,0,0.069,0.057,0.007,0,0.033,1.862,0.039,0,0.286,0.095,0.018,0,0.011,0.051,0.009,0,0.017,1.947,0,0,0.11,8.172,0,0,0,12.863,8.282
WI,SRD,179,B,6,106,167,2.2685,179B,T,0.024,0.005,0.006,0.004,0.1,0.026,0.005,0.004,0.039,0.149,0.011,0,0.062,0.012,0.003,0,0,0,0,0,0.018,1.604,0,0,1.787,0.064,0,0,0.011,3.934,1.851
WI,BOL,19,B,6,107,279,1.082,19B,T,0.025,0,0,0,0.242,0.042,0.006,0,0.078,0.288,0.013,0,0.165,0.017,0,0,0,0,0,0,0,2.693,0,0,2.14,0.189,0,0,0,5.898,2.329
WI,BOL,24,A,6,108,22,1.387,24A,T,0.098,0.017,0.012,0,0.389,0.138,0.022,0.006,0.262,0.843,0.055,0,1.076,0.056,0,0,0,0,0,0,0.068,7.378,0,0,2.856,0.155,0,0,0.01,13.437,3.011
WI,SRD,174,A,6,109,293,3.362,174A,T,0.091,0.015,0.01,0.004,0.09,0.089,0.016,0.007,0.197,0.464,0.036,0,1.183,0.036,0.006,0,0.004,0,0,0,0.051,3.355,0,0,2.686,0.179,0,0,0.013,8.532,2.865
WI,UWM,41,A,6,110,188,1.6096,41A,C,0.058,0.009,0.005,0.001,0.445,0.083,0.013,0.004,0.114,0.542,0.031,0.001,0.552,0.044,0,0,0.009,0,0,0,0.065,4.756,0,0,0.011,6.959,0.027,0,0,13.73,6.97
WI,STB,137,B,6,111,183,1.9244,137B,T,0.028,0.003,0,0,0.12,0.043,0.005,0,0.077,0.272,0.01,0,0.185,0.011,0,0,0,0,0,0,0.032,2.404,0,0,1.708,0.031,0,0,0,4.93,1.739
WI,SRD,178,B,6,112,120,1.4785,178B,T,0.057,0,0.008,0,0.18,0.067,0.012,0.008,0.103,0.389,0.026,0,0.362,0.067,0.017,0,0.007,0,0,0,0.031,5.775,0,0,7.627,0.419,0,0,0.008,15.162,8.046
WI,SDA,109,B,6,113,189,2.4883,109B,C,0.03,0.004,0,0,0.099,0.041,0.008,0,0.062,0.345,0.015,0,0.427,0.017,0,0,0,0,0,0,0.1,1.32,0,0,0,2.542,0,0,0,5.011,2.542
MT,MPG,205,B,6,114,38,0.986,205B,T,0.087,0.024,0.013,0.005,0.078,0.126,0.027,0.008,0.205,0.848,0.063,0,0.264,0.04,0.011,0,0.01,0,0,0,0,2.939,0,0,4.781,0.296,0,0,0,9.825,5.077
MT,MS,154,E,6,115,136,1.1091,154E,T,0.025,0.007,0,0,0.01,0.036,0.006,0.002,0.044,0.261,0.014,0,0.077,0.008,0,0,0,0,0,0,0,1.003,0,0,1.578,0.154,0,0,0,3.225,1.732
WI,BEN,166,B,6,116,172,1.2133,166B,T,0.044,0.012,0.012,0,0.077,0.059,0.011,0.003,0.096,0.329,0.029,0,0.487,0.011,0,0,0,0,0,0,0,1.447,0,0,2.023,0.047,0,0,0,4.687,2.07
WI,SDA,111,B,6,117,56,0.741,111B,T,0.042,0.009,0.004,0,0.2,0.057,0.012,0,0.087,0.321,0.026,0,0.159,0.027,0.013,0,0,0,0,0,0.057,2.856,0,0,5.334,0.208,0,0,0,9.413,5.542
WI,SRD,183,A,6,119,55,0.99,183A,T,0,0,0,0,0.079,0.009,0,0,0.011,2.106,0.024,0,0.08,0.029,0.008,0,0,0.046,0,0,0.119,0.247,0,0,0.175,0,0,0,0,2.932,0.175
WI,BEN,164,E,6,120,160,1.1217,164E,C,0.043,0.009,0.009,0.006,0.41,0.053,0.011,0.004,0.07,0.317,0.021,0,0.454,0.052,0.013,0,0,0,0,0,0,3.158,0,0,0.042,7.544,0,0.006,0.009,12.232,7.586
WI,SDA,114,A,7,121,122,2.1088,114A,C,0.117,0.015,0.013,0,0.279,0.161,0.022,0.007,0.201,0.76,0.066,0,1.048,0.06,0.022,0,0.005,0,0,0,0.317,3.384,0,0,0.072,13.197,0.02,0,0,19.764,13.269
WI,BEN,168,D,7,122,233,1.1947,168D,T,0.047,0.014,0.009,0,0.103,0.065,0.014,0.003,0.11,0.327,0.031,0,0.174,0.02,0,0,0,0,0,0,0,1.816,0,0,3.679,0.253,0,0,0,6.664,3.932
MT,MJS,55,A,7,123,48,0.895,55A,T,0.139,0.02,0.023,0.003,0.055,0.194,0.036,0.01,0.411,1.456,0.085,0,1.234,0.138,0.022,0,0.015,0,0.015,0,0.034,15.537,0,0,8.468,0.974,0,0,0,28.868,9.442
WI,STB,136,B,7,124,178,0.9146,136B,T,0.026,0.005,0,0,0.071,0.041,0.004,0,0.062,0.545,0.011,0,0.147,0.016,0,0,0,0,0,0,0.037,1.374,0,0,1.31,0,0,0,0,3.65,1.31
WI,SRD,179,A,7,125,209,2.2452,179A,T,0.043,0.01,0.006,0.003,0.099,0.065,0.012,0.006,0.101,0.37,0.028,0,0.261,0.022,0,0,0,0,0,0,0.029,3.176,0,0,2.256,0.112,0,0,0,6.598,2.368
WI,BEN,168,C,7,126,307,1.171,168C,T,0.079,0.015,0.005,0.003,0.113,0.099,0.018,0.007,0.141,0.45,0.052,0,0.194,0.019,0,0,0,0,0,0,0,2.526,0,0,3.421,0.181,0,0,0,7.321,3.602
WI,SDA,110,B,12,220,206,3.3577,110B,NA,NA,NA,NA,NA,NA,NA,NA,NA,NA,NA,NA,NA,NA,NA,NA,NA,NA,NA,NA,NA,NA,NA,NA,NA,NA,NA,NA,NA,NA,NA,NA
WI,BEN,168,B,12,221,278,2.774,168B,C,0.031,0.015,0,0,0.076,0.047,0.013,0.004,0.054,0.21,0.022,0,0.203,0.018,0,0,0,0,0,0,0.06,0.86,0,0,0,3.303,0,0,0.01,4.923,3.303
WI,UWM,36,B,12,222,344,0.981,36B,NA,NA,NA,NA,NA,NA,NA,NA,NA,NA,NA,NA,NA,NA,NA,NA,NA,NA,NA,NA,NA,NA,NA,NA,NA,NA,NA,NA,NA,NA,NA,NA
MT,MJS,57,B,12,223,150,0.3434,57B,NA,NA,NA,NA,NA,NA,NA,NA,NA,NA,NA,NA,NA,NA,NA,NA,NA,NA,NA,NA,NA,NA,NA,NA,NA,NA,NA,NA,NA,NA,NA,NA
WI,BOL,17,A,12,224,204,0.3102,17A,NA,NA,NA,NA,NA,NA,NA,NA,NA,NA,NA,NA,NA,NA,NA,NA,NA,NA,NA,NA,NA,NA,NA,NA,NA,NA,NA,NA,NA,NA,NA,NA
MT,MS,156,D,12,225,277,1.579,156D,NA,NA,NA,NA,NA,NA,NA,NA,NA,NA,NA,NA,NA,NA,NA,NA,NA,NA,NA,NA,NA,NA,NA,NA,NA,NA,NA,NA,NA,NA,NA,NA
MT,MS,156,A,12,226,197,0.9712,156A,NA,NA,NA,NA,NA,NA,NA,NA,NA,NA,NA,NA,NA,NA,NA,NA,NA,NA,NA,NA,NA,NA,NA,NA,NA,NA,NA,NA,NA,NA,NA,NA
MT,MS,158,D,12,227,119,1.01,158D,T,0.57,0.077,0.059,0.022,0.198,0.6,0.095,0.03,0.988,2.726,0.272,0.016,3.146,0.266,0.065,0.019,0.038,0,0.031,0,0.059,7.317,0,0,52.999,4.027,0,0,0.019,73.641,57.026
WI,SDA,206,A,12,228,157,1.2241,206A,NA,NA,NA,NA,NA,NA,NA,NA,NA,NA,NA,NA,NA,NA,NA,NA,NA,NA,NA,NA,NA,NA,NA,NA,NA,NA,NA,NA,NA,NA,NA,NA
WI,SRD,181,A,12,229,151,0.9986,181A,T,0.248,0.033,0.033,0.01,0.329,0.236,0.038,0.009,0.418,1.347,0.113,0.004,1.738,0.08,0.017,0,0.014,0,0.011,0,0.096,7.85,0,0,4.244,0.504,0,0,0.017,17.389,4.748
WI,UWM,33,B,12,230,211,0.6867,33B,NA,NA,NA,NA,NA,NA,NA,NA,NA,NA,NA,NA,NA,NA,NA,NA,NA,NA,NA,NA,NA,NA,NA,NA,NA,NA,NA,NA,NA,NA,NA,NA
WI,SDA,116,A,12,231,170,1.2542,116A,NA,NA,NA,NA,NA,NA,NA,NA,NA,NA,NA,NA,NA,NA,NA,NA,NA,NA,NA,NA,NA,NA,NA,NA,NA,NA,NA,NA,NA,NA,NA,NA
MT,BF,127,A,12,232,227,1.0115,127A,NA,NA,NA,NA,NA,NA,NA,NA,NA,NA,NA,NA,NA,NA,NA,NA,NA,NA,NA,NA,NA,NA,NA,NA,NA,NA,NA,NA,NA,NA,NA,NA
WI,STB,136,A,12,233,153,0.605,136A,NA,NA,NA,NA,NA,NA,NA,NA,NA,NA,NA,NA,NA,NA,NA,NA,NA,NA,NA,NA,NA,NA,NA,NA,NA,NA,NA,NA,NA,NA,NA,NA
MT,MS,152,E,12,234,93,0.513,152E,NA,NA,NA,NA,NA,NA,NA,NA,NA,NA,NA,NA,NA,NA,NA,NA,NA,NA,NA,NA,NA,NA,NA,NA,NA,NA,NA,NA,NA,NA,NA,NA
MT,MS,155,C,12,235,111,0.6053,155C,NA,NA,NA,NA,NA,NA,NA,NA,NA,NA,NA,NA,NA,NA,NA,NA,NA,NA,NA,NA,NA,NA,NA,NA,NA,NA,NA,NA,NA,NA,NA,NA
WI,BEN,172,C,12,236,304,2.876,172C,NA,NA,NA,NA,NA,NA,NA,NA,NA,NA,NA,NA,NA,NA,NA,NA,NA,NA,NA,NA,NA,NA,NA,NA,NA,NA,NA,NA,NA,NA,NA,NA
MT,NH,1,B,12,237,77,0.344,1B,T,0.298,0.041,0.021,0.01,0.037,0.25,0.043,0.016,0.402,1.318,0.11,0,0.688,0.129,0.028,0.009,0.017,0,0.016,0,0.014,8.788,0,0,10.797,1.093,0.054,0,0.021,24.2,11.89
WI,UWM,38,A,12,238,161,1.811,38A,NA,NA,NA,NA,NA,NA,NA,NA,NA,NA,NA,NA,NA,NA,NA,NA,NA,NA,NA,NA,NA,NA,NA,NA,NA,NA,NA,NA,NA,NA,NA,NA
MT,MJS,59,A,12,239,23,1.054,59A,NA,NA,NA,NA,NA,NA,NA,NA,NA,NA,NA,NA,NA,NA,NA,NA,NA,NA,NA,NA,NA,NA,NA,NA,NA,NA,NA,NA,NA,NA,NA,NA
WI,BEN,164,B,13,240,226,1.1591,164B,C,0.131,0.025,0.013,0.005,0.164,0.119,0.021,0.008,0.095,0.465,0.042,0.003,0.305,0.063,0.017,0.003,0.006,0,0.008,0,0.007,2.353,0,0,0.025,7.407,0.055,0.042,0.054,11.437,7.432
MT,MS,154,D,13,241,311,1.043,154D,C,0.162,0.04,0,0.012,0.012,0.041,0,0,0,0.175,1.254,0,0.614,0.277,0,0.015,0,0,0,0,0,2.382,0,0,0,27.151,0,0,0.002,32.138,27.151
MT,MPG,204,A,13,242,222,0.6679,204A,C,0.122,0.018,0.014,0.005,0.029,0.124,0.02,0.007,0.184,0.696,0.044,0.004,0.911,0.169,0.029,0.012,0.017,0,0.014,0,0.011,4.161,0,0,0.184,23.832,0.05,0,0,30.657,24.016
MT,BF,129,A,13,243,242,0.3321,129A,C,0.016,0,0,0,0.036,0.028,0,0,0.057,0.21,0.006,0,0.316,0.012,0,0,0,0,0,0,0,1.789,0,0,0,1.547,0,0,0,4.016,1.547
MT,CWN,226,A,13,244,241,0.593,226A,C,0.042,0.006,0,0,0.072,0.048,0.006,0.003,0.055,0.636,0.015,0,0.568,0.033,0.002,0,0,0.001,0,0,0.026,1.768,0,0,0.016,4.884,0,0,0,8.18,4.9
MT,NH,8,A,13,245,353,0.696,8A,T,0.265,0.028,0.028,0.008,0.192,0.26,0.028,0.002,0.39,1.996,0.099,0,0.663,0.528,0.122,0.032,0.06,0,0.043,0,0.019,28.263,0,0,32.285,3.648,0.019,0,0,68.975,35.933
MT,MS,158,E,13,246,269,0.9029,158E,T,0.035,0.006,0,0,0.014,0.05,0.006,0,0.056,0.331,0.021,0,0.154,0.042,0.002,0,0,0,0,0,0.004,2.85,0,0,6.612,0.285,0,0,0,10.468,6.897
WI,SDA,116,B,13,247,224,1.3489,116B,T,0.367,0.006,0,0,0.182,0.029,0,0,0.043,0.444,0,0,0.131,0.014,0,0,0,0,0,0,0.049,2.219,0,0,1.902,0,0,0,0,5.386,1.902
WI,BEN,169,B,13,248,17,2.319,169B,T,0.024,0.014,0.004,0.003,0.336,0.034,0.009,0.004,0.048,0.251,0.02,0,0.131,0.041,0.007,0,0.007,0,0.009,0,0.005,1.724,0,0,7.992,0.552,0,0,0.008,11.224,8.544
MT,MPG,89,B,13,249,213,0.777,89B,C,0.334,0.062,0.048,0.02,0.28,0.364,0.056,0.022,0.389,1.917,0.16,0.016,1.366,0.515,0.085,0.046,0.079,0,0.048,0,0.221,7.753,0,0,0.4,42.497,0.078,0,0.083,56.839,42.897
MT,NH,9,A,13,250,330,0.916,9A,T,0.091,0.01,0.008,0,0.012,0.123,0.021,0,0.195,0.689,0.055,0,0.244,0.047,0.011,0,0,0,0,0,0.04,5.805,0,0,5.897,0.523,0.001,0,0,13.772,6.42
WI,BEN,166,A,13,251,338,1.497,166A,T,0.122,0.021,0.025,0.008,0.21,0.163,0.026,0.007,0.314,0.74,0.067,0.009,2.856,0.095,0.018,0,0.01,0,0.009,0,0.009,4.523,0,0,5.674,0.246,0,0.021,0.037,15.21,5.92
MT,BF,125,A,13,252,331,0.424,125A,C,0.043,0.009,0.004,0.002,0.022,0.065,0.01,0.002,0.086,0.68,0.029,0,0.622,0.084,0.016,0.005,0.016,0.005,0.01,0,0.25,1.664,0,0,0.012,7.965,0,0,0,11.603,7.977
MT,MS,150,E,13,253,6,0.809,150E,T,0.026,0.004,0,0,0.014,0.04,0.007,0.003,0.063,0.181,0.02,0,0.108,0.014,0,0,0,0,0,0,0,1.866,0,0,3.902,0.296,0,0,0,6.545,4.198
WI,UWM,37,B,13,254,5,1.066,37B,C,0.096,0.012,0.012,0.004,0.212,0.094,0.012,0.006,0.096,0.591,0.036,0.004,0.384,0.089,0.017,0.004,0.009,0.001,0.008,0,0.011,2.292,0,0,0.027,13.103,0.027,0.003,0.001,17.152,13.13
WI,STB,141,B,13,255,248,0.5476,141B,T,0.012,0.004,0,0,0.138,0.02,0,0,0.023,0.12,0,0,0.071,0,0,0,0,0,0,0,0.041,2.178,0,0,3.439,0,0,0,0,6.046,3.439
WI,BEN,162,A,13,256,323,1.136,162A,C,0.05,0.017,0.013,0.004,0.067,0.071,0.012,0.006,0.086,0.298,0.03,0.004,0.54,0.029,0.009,0,0,0,0,0,0.019,1.702,0,0,0.034,3.955,0,0,0.016,6.961,3.989
MT,NH,5,B,13,257,245,0.7448,5B,T,0.148,0.029,0.029,0.005,0.122,0.155,0.023,0.001,0.282,0.622,0.061,0,0.611,0.057,0.003,0,0.008,0,0,0,0.102,4.342,0,0,5.482,0.477,0,0,0.003,12.562,5.959
MT,MJS,194,B,10,189,128,0.372,194B,T,0.084,0.017,0.008,0.007,0.011,0.082,0.013,0.004,0.104,1.553,0.045,0,0.519,0.079,0.02,0.007,0.011,0.028,0.014,0,0.012,3.345,0,0,9.093,0.714,0,0,0,15.772,9.807
WI,UWM,42,B,13,258,319,0.8003,42B,C,0.052,0.008,0.005,0.001,0.224,0.052,0.006,0.003,0.045,0.258,0.019,0.001,0.108,0.017,0.004,0,0.001,0,0.001,0,0.045,1.905,0,0,0,3.854,0.006,0.004,0,6.618,3.854
WI,SRD,180,B,13,259,320,1.0256,180B,T,0.021,0,0.003,0,0.133,0.024,0.004,0.002,0.032,0.175,0.015,0,0.07,0.02,0,0,0,0,0,0,0.036,1.734,0,0,2.821,0.147,0,0,0,5.238,2.968
MT,MJS,195,B,14,260,312,1.206,195B,T,0.233,0.039,0.026,0.015,0.01,0.264,0.037,0.015,0.409,1.783,0.126,0.007,1.263,0.219,0.038,0.015,0.03,0,0.022,0,0.026,8.249,0,0,28.672,2.179,0.01,0,0.064,43.752,30.851
MT,MS,157,B,14,261,223,0.6849,157B,T,0.109,0.024,0.021,0,0.009,0.14,0.022,0.008,0.257,0.656,0.061,0,1.415,0.065,0.01,0,0.012,0,0.005,0,0.032,6.144,0,0,4.764,0.298,0,0,0.014,14.066,5.062
MT,MS,155,D,14,262,216,0.7757,155D,T,0.098,0.021,0.013,0,0.023,0.11,0.019,0.007,0.181,0.443,0.047,0,0.396,0.035,0.005,0,0,0,0,0,0.005,3.47,0,0,6.37,0.479,0,0,0.013,11.736,6.849
WI,SDA,207,B,14,263,314,1.0456,207B,T,0.091,0.023,0.009,0.007,0.261,0.096,0.012,0.006,0.129,0.536,0.039,0,0.44,0.076,0.016,0.006,0.01,0,0.006,0,0.251,3.44,0,0,8.629,0.186,0.011,0.015,0.037,14.331,8.815
WI,UWM,39,A,7,127,182,2.2182,39A,C,0.041,0.006,0.005,0.001,0.16,0.06,0.007,0.003,0.053,0.383,0.025,0.001,0.295,0.01,0.001,0.001,0.004,0.001,0.001,0.001,0.115,1.304,0,0,0,2.419,0,0,0,4.896,2.419
WI,SDA,113,A,7,128,301,2.99,113A,T,0.072,0.013,0.009,0,0.181,0.095,0.016,0,0.159,0.447,0.04,0,0.331,0.024,0,0,0,0,0,0,0.067,3.541,0,0,2.228,0.13,0,0,0,7.352,2.358
MT,MJS,63,A,7,129,96,0.6885,63A,T,0.084,0.008,0.005,0,0.05,0.129,0.016,0.005,0.211,0.866,0.051,0,0.317,0.153,0.022,0.004,0.015,0,0.02,0,0.004,15.451,0,0,12.987,1.313,0.002,0,0,31.713,14.3
MT,MS,160,C,7,130,113,0.9635,160C,T,0.032,0.007,0.008,0,0.041,0.048,0.011,0.004,0.075,0.252,0.013,0,0.14,0.03,0,0,0.007,0,0.004,0,0.005,3.617,0,0,6.714,0.414,0.032,0,0,11.452,7.128
MT,BF,123,A,7,131,356,0.7379,123A,C,0.07,0.013,0,0,0.029,0.127,0.019,0.007,0.15,0.533,0.043,0,0.783,0.017,0,0,0,0,0,0,0,2.389,0,0,0.013,4.632,0,0,0,8.826,4.645
MT,MS,159,C,7,132,31,0.748,159C,T,0.032,0.004,0,0,0.01,0.04,0.01,0.003,0.067,0.213,0.014,0.001,0.11,0.009,0,0,0,0,0,0,0,2.567,0,0,1.652,0.053,0,0,0,4.785,1.705
MT,BF,124,A,7,133,62,0.74,124A,C,0.103,0.012,0.012,0,0.068,0.134,0.022,0.008,0.173,0.595,0.053,0,0.926,0.019,0,0,0,0,0,0,0.096,1.368,0,0,0.01,6.254,0.031,0,0,9.884,6.264
MT,MJS,65,B,7,134,33,1.099,65B,T,0.203,0.017,0.011,0,0.063,0.167,0.034,0.008,0.299,1.204,0.091,0,0.421,0.075,0.012,0.005,0.015,0,0.005,0.001,0.102,10.072,0,0,6.238,0.358,0,0,0,19.4,6.596
MT,NH,4,B,7,135,57,0.747,4B,T,0.059,0.01,0,0,0.016,0.064,0.009,0,0.081,0.576,0.029,0,0.189,0.023,0,0,0,0,0,0,0.068,2.894,0,0,2.265,0.103,0,0,0,6.386,2.368
MT,CWN,43,B,7,136,32,0.52,43B,T,0.092,0.017,0.008,0.004,0.081,0.114,0.02,0.006,0.276,0.743,0.028,0,0.658,0.083,0.014,0,0.016,0,0.007,0,0.072,9.178,0,0,2.851,0.253,0,0,0,14.52,3.104
WI,STB,142,B,7,137,200,2.5303,142B,T,0.038,0.006,0.006,0,0.086,0.045,0.009,0.003,0.064,0.237,0.016,0,0.129,0.027,0.008,0,0,0,0,0,0.036,1.475,0,0,5.288,0.362,0,0,0,7.835,5.65
MT,MS,157,D,7,138,49,0.058,157D,NA,NA,NA,NA,NA,NA,NA,NA,NA,NA,NA,NA,NA,NA,NA,NA,NA,NA,NA,NA,NA,NA,NA,NA,NA,NA,NA,NA,NA,NA,NA,NA
MT,MS,219,A,7,139,34,0.31,219A,T,0.266,0.044,0.027,0.013,0.033,0.271,0.046,0.019,0.435,1.464,0.136,0.004,1.022,0.143,0.025,0.01,0.02,0,0.016,0,0.026,9.961,0,0,11.623,1.102,0,0.008,0.019,26.734,12.725
MT,CWN,53,A,7,140,39,0.547,53A,T,0.111,0.014,0.011,0.004,0.158,0.143,0.028,0.006,0.299,1.116,0.064,0,0.592,0.059,0.009,0,0.009,0,0.002,0,0,7.495,0,0,5.737,0.618,0,0,0,16.476,6.355
WI,BEN,170,E,8,141,72,0.79,170E,T,0.112,0.019,0.015,0.006,0.284,0.116,0.02,0.008,0.188,0.611,0.06,0.003,0.411,0.091,0.022,0.007,0.011,0,0.01,0,0.134,1.789,0,0,15.324,0.644,0.012,0.005,0.009,19.912,15.968
MT,MS,218,A,8,142,87,0.118,218A,T,0.227,0.037,0.027,0.012,0.039,0.252,0.037,0.013,0.384,2.109,0.123,0,2.097,0.122,0.021,0.008,0.018,0.009,0.013,0,0.037,8.851,0,0,11.266,0.874,0,0,0.016,26.59,12.14
MT,CWN,230,A,8,143,135,0.7973,230A,T,0.1,0.018,0.013,0.007,0.292,0.106,0.011,0.006,0.143,1.523,0.048,0,0.784,0.283,0.042,0.02,0.032,0.009,0.021,0,0.052,6.932,0,0,23.118,1.638,0.012,0,0,35.209,24.756
WI,SDA,227,B,8,144,281,2.179,227B,C,0,0,0,0,0.149,0.006,0,0,0.005,3.969,0.031,0,0.076,0.067,0.014,0,0.01,0.123,0.005,0,0.253,0.466,0,0,0.008,0.062,0,0,0,5.244,0.07
MT,MS,156,E,8,145,NA,NA,156E,T,0.193,0.044,0.03,0.012,0.064,0.204,0.033,0.012,0.347,0.94,0.087,0.005,1.061,0.092,0.017,0.006,0.014,0,0.009,0,0.01,3.674,0,0,11.548,0.919,0.012,0,0.027,19.36,12.467
WI,BEN,173,D,8,146,218,1.8451,173D,T,0.084,0.019,0.01,0.006,0.121,0.087,0.015,0.005,0.146,0.447,0.037,0,0.375,0.053,0.01,0.005,0.008,0,0.007,0,0.007,1.974,0,0,8.397,0.485,0,0,0.017,12.317,8.882
MT,CWN,229,B,8,147,79,0.204,229B,T,0.053,0.014,0.01,0.005,0.148,0.066,0.009,0.006,0.107,0.521,0.032,0,0.386,0.11,0.02,0.009,0.013,0,0.013,0,0.012,2.808,0,0,10.915,0.863,0,0,0,16.121,11.778
MT,MPG,86,B,8,148,352,1.63,86B,C,0.121,0.026,0.016,0.008,0.084,0.148,0.021,0.007,0.115,0.996,0.057,0,0.479,0.19,0.044,0.008,0.028,0,0.02,0,0.021,6.533,0,0,0.15,24.66,0,0,0.008,33.738,24.81
WI,STB,141,A,8,149,192,2.5835,141A,T,0.01,0.006,0,0,0.055,0.02,0,0,0.012,0.164,0.005,0,0.061,0.012,0,0,0,0,0,0,0.028,1.134,0,0,1.023,0,0,0,0,2.53,1.023
WI,BEN,164,D,8,150,194,2.1971,164D,C,0.132,0.019,0.015,0.005,0.286,0.156,0.024,0.009,0.262,0.731,0.066,0.008,2.069,0.103,0.02,0.007,0.014,0,0.016,0,0.005,3.705,0,0,0.079,14.459,0.022,0.015,0.014,22.243,14.538
MT,MS,150,A,8,151,126,0.3684,150A,T,0.124,0.025,0.02,0,0.016,0.134,0.021,0.001,0.226,0.715,0.056,0,0.672,0.083,0.003,0,0.001,0,0,0,0,5.332,0,0,9.823,0.542,0,0,0.004,17.798,10.365
MT,CWN,53,B,8,152,100,0.3611,53B,C,0.163,0.026,0.021,0.008,0.136,0.241,0.046,0.012,0.346,1.682,0.099,0.004,1.626,0.082,0.018,0.003,0.012,0.003,0.004,0,0.164,7.633,0,0,0.016,7.648,0,0,0,19.992,7.664
MT,CWN,51,A,8,153,98,0.5065,51A,T,0.11,0.016,0.008,0.004,0.077,0.103,0.019,0.007,0.142,0.697,0.053,0,0.415,0.035,0.007,0,0.006,0,0,0,0.102,3.813,0,0,5.631,0.26,0,0,0.007,11.514,5.891
MT,MS,152,D,8,154,220,1.7343,152D,T,0.068,0.011,0.004,0.003,0.058,0.068,0.013,0.006,0.106,0.388,0.031,0,0.239,0.035,0.006,0,0.01,0,0.002,0,0.117,3.76,0,0,4.308,0.178,0,0,0.012,9.423,4.486
MT,MS,220,B,8,155,238,0.7042,220B,T,0.088,0.013,0,0.003,0.019,0.114,0.023,0.007,0.244,0.842,0.057,0,0.779,0.029,0.004,0,0.006,0,0.006,0,0.005,4.518,0,0,5.3,0.391,0,0,0,12.447,5.691
MT,MS,152,B,8,156,297,0.786,152B,T,0.049,0.014,0.007,0.005,0.015,0.069,0.012,0.003,0.128,0.392,0.031,0,0.388,0.082,0.004,0,0,0,0,0,0,2.476,0,0,2.373,0.235,0,0,0,6.282,2.608
WI,BEN,169,E,8,157,219,1.878,169E,T,0.073,0.013,0.006,0.003,0.229,0.07,0.014,0.006,0.1,0.344,0.032,0,0.168,0.023,0,0,0,0,0,0,0.035,1.815,0,0,5.173,0.329,0,0.01,0.02,8.464,5.502
WI,SRD,174,B,8,158,285,1.332,174B,T,0.023,0,0.003,0,0.046,0.034,0.007,0.002,0.054,0.158,0.013,0,0.095,0,0,0,0,0,0,0,0.014,1.401,0,0,0.923,0,0,0,0,2.775,0.923
MT,CWN,43,A,8,159,44,0.148,43A,T,0.111,0.015,0.012,0.006,0.064,0.121,0.022,0.009,0.204,0.917,0.06,0,0.634,0.044,0.005,0,0.009,0,0.004,0,0.105,5.268,0,0,1.938,0.082,0,0,0,9.63,2.02
MT,NH,222,A,8,160,41,0.471,222A,NA,NA,NA,NA,NA,NA,NA,NA,NA,NA,NA,NA,NA,NA,NA,NA,NA,NA,NA,NA,NA,NA,NA,NA,NA,NA,NA,NA,NA,NA,NA,NA
MT,NH,11,A,9,161,210,0.847,11A,NA,NA,NA,NA,NA,NA,NA,NA,NA,NA,NA,NA,NA,NA,NA,NA,NA,NA,NA,NA,NA,NA,NA,NA,NA,NA,NA,NA,NA,NA,NA,NA
MT,CWN,47,B,9,162,171,1.2934,47B,C,0.044,0.008,0,0,0.11,0.064,0.008,0,0.084,0.456,0.02,0,0.308,0.02,0,0,0,0,0,0,0.115,2.773,0,0,0.007,3.241,0,0,0,7.257,3.248
MT,NH,224,A,9,163,89,0.768,224A,NA,NA,NA,NA,NA,NA,NA,NA,NA,NA,NA,NA,NA,NA,NA,NA,NA,NA,NA,NA,NA,NA,NA,NA,NA,NA,NA,NA,NA,NA,NA,NA
WI,BEN,172,D,9,164,196,2.6505,172D,T,0,0,0,0,0.096,0.032,0.011,0.005,0.048,0.21,0.01,0,0.202,0.013,0,0,0,0,0,0,0.013,1.465,0,0,1.298,0.092,0,0,0,3.496,1.39
WI,BEN,167,C,9,165,199,1.2801,167C,T,0.02,0.006,0,0,0.044,0.028,0.004,0,0.042,0.163,0.013,0,0.094,0.009,0,0,0,0,0,0,0.018,1.181,0,0,1.659,0.048,0,0,0,3.329,1.707
WI,BEN,171,D,9,166,287,2.439,171D,G,0,0,0,0,0.04,0.027,0,0,0,0,0,0,0,0,0.023,0,0,0,0,0,0,0,7.042,0.045,0,0,0,0,0,7.176,0
MT,MS,161,E,9,167,40,1.437,161E,T,0.181,0.033,0.021,0.012,0.024,0.196,0.03,0.011,0.305,1.54,0.097,0.007,1.13,0.522,0.127,0.042,0.063,0.006,0.049,0,0.093,3.195,0,0,40.428,3.009,0.062,0,0.012,51.194,43.437
MT,MS,161,D,9,168,229,1.9751,161D,NA,NA,NA,NA,NA,NA,NA,NA,NA,NA,NA,NA,NA,NA,NA,NA,NA,NA,NA,NA,NA,NA,NA,NA,NA,NA,NA,NA,NA,NA,NA,NA
WI,BEN,169,C,9,169,187,2.8383,169C,T,0.031,0.008,0.002,0,0.258,0.048,0.01,0.003,0.084,0.283,0.02,0,0.299,0.014,0,0,0,0,0,0,0,1.614,0,0,2.937,0.135,0,0,0,5.746,3.072
MT,MS,160,D,9,170,290,1.125,160D,T,0.127,0.031,0.026,0.011,0.061,0.166,0.027,0.008,0.268,0.774,0.077,0.006,0.511,0.062,0.009,0,0.013,0,0,0,0,3.998,0,0,13.4,0.986,0,0,0,20.561,14.386
MT,MS,159,A,9,171,283,1.329,159A,NA,NA,NA,NA,NA,NA,NA,NA,NA,NA,NA,NA,NA,NA,NA,NA,NA,NA,NA,NA,NA,NA,NA,NA,NA,NA,NA,NA,NA,NA,NA,NA
MT,CWN,52,A,9,172,231,0.955,52A,T,0.094,0.011,0.012,0.004,0.118,0.132,0.026,0.006,0.251,0.905,0.059,0.004,1.098,0.065,0.015,0,0.009,0,0.005,0,0.065,8.353,0,0,3.713,0.254,0,0,0.006,15.203,3.967
MT,CWN,48,A,9,173,2,1.198,48A,T,0.085,0.014,0.006,0.003,0.048,0.111,0.021,0.005,0.207,0.808,0.057,0,0.828,0.05,0.01,0.002,0.001,0,0.003,0,0.065,6.253,0,0,2.903,0.101,0,0,0,11.579,3.004
MT,CWN,230,B,9,174,221,0.7134,230B,T,0.035,0,0.005,0.004,0.049,0.052,0.008,0.002,0.099,0.316,0.015,0,0.412,0.023,0,0,0,0,0,0,0.023,2.947,0,0,3.827,0.32,0,0,0,8.137,4.147
WI,BEN,209,C,9,175,176,3.3639,209C,T,0.04,0.007,0,0,0.052,0.039,0,0,0.019,0.277,0.021,0,0.275,0.013,0,0,0,0,0,0,0,1.022,0,0,2.78,0.194,0,0,0,4.739,2.974
WI,BEN,209,C,9,175,176,3.3639,209C,T,0.059,0.018,0.009,0.003,0.944,0.064,0.01,0.007,0.079,1.372,0.03,0,0.53,0.189,0.042,0.01,0.026,0.017,0.016,0,0.217,3.989,0,0,15.717,0.3,0,0,0,23.647,16.017
WI,BEN,170,D,9,176,280,1.103,170D,T,0.05,0.012,0.006,0.003,0.644,0.07,0.012,0.005,0.102,0.625,0.042,0,0.437,0.086,0.018,0,0.015,0,0.012,0,0.128,3.245,0,0,10.87,0.319,0,0,0,16.699,11.189
MT,CWN,45,B,9,177,299,1.573,45B,NA,NA,NA,NA,NA,NA,NA,NA,NA,NA,NA,NA,NA,NA,NA,NA,NA,NA,NA,NA,NA,NA,NA,NA,NA,NA,NA,NA,NA,NA,NA,NA
MT,MJS,66,A,9,178,141,0.496,66A,C,0.204,0.024,0.029,0.01,0.032,0.226,0.039,0.011,0.373,1.191,0.086,0.019,2.807,0.254,0.049,0.021,0.04,0.005,0.034,0.01,0.173,7.977,0,0.002,0.195,32.084,0.054,0.002,0.029,45.981,32.279
WI,BEN,209,B,9,179,342,1.507,209B,C,0.015,0.005,0.002,0.003,0.107,0.022,0.004,0.005,0.008,1.411,0.016,0,0.162,0.023,0.004,0,0,0.03,0,0,0.013,0.868,0,0,0.004,0.929,0,0,0,3.631,0.933
WI,BOL,18,B,9,180,21,1.073,18B,C,0.008,0,0,0,0.129,0.008,0,0,0.005,0.607,0.009,0,0.059,0.014,0,0,0,0.017,0,0,0,0.652,0,0,0.006,1.162,0,0,0,2.676,1.168
WI,BOL,18,B,9,180,21,1.073,18B,C,0,0,0,0,0.096,0.012,0,0,0.005,0.661,0,0,0.033,0.012,0,0,0,0,0,0,0,0.509,0,0,0,0.214,0,0,0,1.542,0.214
WI,BEN,167,A,11,219,61,0.466,167A,T,0.185,0.023,0.017,0.005,0,0.185,0.035,0.014,0.349,0.958,0.073,0,1.606,0.141,0.024,0.016,0.017,0,0.012,0,0.085,7.023,0,0,19.384,1.249,0.033,0,0,31.435,20.633
MT,BF,214,A,10,182,134,0.6461,214A,C,0.046,0.029,0.004,0,0.039,0.08,0,0,0.1,0.512,0.03,0,0.423,0.026,0,0,0,0,0,0,0.1,1.743,0,0,0.007,5.293,0,0,0,8.433,5.3
MT,BF,215,A,10,183,1,0.857,215A,C,0.128,0.026,0.023,0.005,0.051,0.172,0.028,0.008,0.281,1.072,0.072,0,1.672,0.071,0.013,0.005,0.008,0,0.009,0,0.012,3.991,0,0,0.033,12.356,0,0,0,20.04,12.389
WI,UWM,33,A,10,184,357,1.4493,33A,C,0.038,0.007,0.003,0.001,0.066,0.05,0.006,0.001,0.045,0.28,0.021,0,0.142,0.014,0,0,0,0,0,0,0,0.898,0,0,0.007,3.296,0,0,0,4.877,3.303
WI,BOL,18,A,10,185,121,1.579,18A,C,0.035,0.006,0,0,0.272,0.047,0.001,0,0.044,0.409,0.021,0,0.206,0.057,0.011,0,0.001,0,0,0,0.005,3.156,0,0,0.008,7.774,0,0,0,12.054,7.782
WI,SRD,176,A,10,186,148,1.2888,176A,T,0.031,0,0.012,0,0.28,0.049,0.009,0,0.073,0.302,0.022,0,0.233,0.036,0,0,0,0,0,0,0.054,2.472,0,0,6.39,0.251,0,0,0,10.213,6.641
MT,NH,8,B,10,187,14,2.053,8B,T,0.084,0.005,0.005,0,0.066,0.093,0.01,0,0.159,0.584,0.032,0,0.367,0.039,0,0,0,0,0,0,0,4.104,0,0,6.921,0.754,0,0,0,13.223,7.675
WI,BOL,14,A,10,190,147,1.5874,14A,C,0.051,0.009,0.004,0,0.112,0.069,0.005,0.001,0.05,0.442,0.031,0,0.418,0.019,0,0,0,0,0,0,0,0.9,0,0,0.034,6.71,0.001,0,0,8.859,6.744
WI,UWM,35,B,10,191,282,2.961,35B,C,0.039,0.006,0.003,0,0.158,0.048,0.007,0.004,0.045,0.254,0.021,0.002,0.157,0.02,0.004,0.001,0.001,0.002,0.001,0,0.002,1.089,0,0,0.006,3.905,0,0,0,5.774,3.911
MT,MPG,79,B,10,192,146,1.1002,79B,T,0.182,0.019,0.013,0.005,0.208,0.153,0.024,0.009,0.245,0.982,0.067,0,0.317,0.054,0.01,0,0.015,0,0.009,0,0.006,6.7,0,0,6.402,0.416,0,0,0,15.836,6.818
MT,BF,126,A,10,193,289,1.01,126A,C,0.107,0.015,0.011,0,0.075,0.12,0.02,0.006,0.165,0.733,0.047,0.005,0.785,0.092,0.019,0.007,0.012,0,0.012,0,0.01,2.508,0,0,0.037,13.152,0,0,0,17.938,13.189
WI,BOL,21,B,10,194,90,1.05,21B,C,0.029,0.005,0,0,0.289,0.033,0,0.002,0.018,0.282,0.014,0,0.057,0.021,0.003,0,0,0,0,0,0.092,1.084,0,0,0,5.087,0,0,0,7.018,5.087
MT,MPG,88,A,10,195,99,0.2852,88A,NA,NA,NA,NA,NA,NA,NA,NA,NA,NA,NA,NA,NA,NA,NA,NA,NA,NA,NA,NA,NA,NA,NA,NA,NA,NA,NA,NA,NA,NA,NA,NA
WI,BOL,212,A,10,196,66,0.754,212A,T,0.274,0.042,0.036,0.012,0.432,0.298,0.055,0.019,0.562,1.551,0.146,0.007,1.839,0.166,0.059,0.01,0.024,0,0.021,0,0.115,13.396,0,0,8.852,0.675,0,0.016,0.044,28.65,9.527
MT,CWN,45,A,10,198,74,0.538,45A,T,0.139,0.033,0.026,0.008,0.28,0.165,0.025,0.004,0.267,1.178,0.072,0.003,0.557,0.171,0.026,0.005,0.031,0.003,0.01,0,0.129,11.103,0,0,12.429,0.71,0,0,0,27.374,13.139
MT,MS,150,D,10,199,317,1.2991,150D,T,0.031,0.013,0,0,0.023,0.05,0,0,0.082,0.203,0.013,0,0.177,0.016,0,0,0,0,0,0,0.022,2.173,0,0,3.17,0.246,0,0,0,6.218,3.416
MT,MS,155,A,11,200,10,0.637,155A,T,0.064,0.014,0.005,0,0.183,0.075,0.014,0.002,0.149,0.369,0.032,0,0.355,0.021,0,0,0,0,0,0,0.024,2.583,0,0,3.933,0.266,0,0,0.012,8.102,4.199
MT,MS,151,B,11,201,27,0.879,151B,T,0.081,0.017,0.017,0,0.056,0.109,0.017,0.006,0.187,0.622,0.045,0.003,0.623,0.096,0.017,0.005,0.012,0,0.006,0,0.033,3.317,0,0,13.062,0.694,0,0,0,19.023,13.756
MT,MS,151,B,11,201,27,0.879,151B,T,0.081,0.017,0.017,0,0.056,0.109,0.017,0.006,0.187,0.622,0.045,0.003,0.623,0.096,0.017,0.005,0.012,0,0.006,0,0.033,3.317,0,0,13.062,0.694,0,0,0,19.023,13.756
WI,BOL,19,A,11,202,169,1.5355,19A,X,0,0,0,0,0.114,0,0,0,0,1.212,0,0,0,0,0,0,0,0,0,0,0,0,0,0,0,0,0,0,0,1.326,0
WI,BOL,211,A,11,203,35,0.974,211A,C,0.048,0.008,0.005,0.003,0.231,0.051,0.009,0.003,0.063,0.404,0.018,0,0.339,0.048,0.019,0.004,0.007,0,0.005,0,0.217,1.797,0,0,0.022,5.019,0,0.003,0.009,8.333,5.041
WI,BOL,24,B,11,204,346,3.237,24B,C,0.113,0.021,0.013,0.005,0.491,0.127,0.016,0.009,0.111,0.709,0.052,0.003,0.371,0.074,0.017,0,0.012,0,0.008,0,0.3,2.294,0,0,0.036,13.617,0.065,0.008,0.011,18.483,13.653
MT,NH,9,B,11,205,177,1.0144,9B,T,0.14,0.025,0.021,0,0.049,0.162,0.016,0.003,0.248,1.122,0.068,0.001,0.571,0.226,0.065,0.015,0.03,0,0.024,0,0.005,10.704,0,0,21.694,1.681,0.042,0,0.008,36.919,23.375
WI,BEN,208,B,11,206,140,3.4867,208B,T,0.042,0.013,0.003,0.004,0.141,0.043,0.004,0.003,0.037,0.326,0.019,0,0.178,0.03,0.005,0,0.004,0.002,0.004,0,0.004,0.894,0,0,6.01,0.493,0,0,0.006,8.266,6.503
MT,CWN,46,A,11,207,82,0.724,46A,T,0.091,0.013,0.012,0.005,0.054,0.09,0.013,0.008,0.114,1.017,0.054,0.003,0.29,0.114,0.024,0.008,0.017,0.006,0.011,0,0.276,4.018,0,0,11.908,0.299,0.005,0,0,18.449,12.207
WI,SDA,206,B,11,208,163,3.0812,206B,T,0.008,0,0,0,0.093,0.01,0,0,0.006,0.777,0,0,0.034,0.015,0.006,0,0,0.026,0,0,0.033,0.476,0,0,0.787,0,0,0,0,2.27,0.787
WI,SRD,175,A,11,209,175,2.788,175A,T,0.007,0.001,0.001,0,0.011,0.009,0.002,0.001,0.014,0.04,0.003,0,0.038,0.002,0,0,0,0,0,0,0.005,0.217,0,0,0.475,0.034,0,0.001,0.002,0.864,0.509
WI,BOL,16,A,11,210,185,1.8272,16A,C,0.022,0.005,0.001,0,0.096,0.024,0.002,0,0.024,0.766,0.006,0,0.143,0.045,0.012,0,0.002,0.01,0,0,0.002,0.391,0,0,0.01,3.666,0,0,0,5.227,3.676
MT,CWN,49,B,11,211,81,0.617,49B,T,0.248,0.034,0.032,0.013,0.043,0.299,0.051,0.016,0.579,1.506,0.142,0.008,2.244,0.245,0.04,0.013,0.033,0,0.022,0,0.013,7.251,0,0,23.198,1.737,0.063,0,0.013,37.844,24.935
MT,CWN,50,A,11,212,42,0.766,50A,C,0.054,0.01,0.005,0.002,0.053,0.059,0.009,0.004,0.063,1.219,0.031,0,0.518,0.037,0.007,0,0.008,0.031,0,0,0.236,2.562,0,0,0.016,3.365,0,0,0,8.293,3.381
WI,BEN,171,B,11,213,131,1.4586,171B,C,0.052,0.01,0.006,0.004,0.382,0.067,0.007,0.004,0.042,0.816,0.023,0,0.507,0.058,0.012,0,0.006,0.013,0.007,0,0.224,0.984,0,0,0.067,7.161,0,0.01,0.01,10.468,7.228
WI,SRD,178,A,11,214,91,1.111,178A,T,0,0,0,0,0.062,0.012,0.007,0.003,0.007,0.748,0.014,0,0.024,0.019,0.003,0,0,0,0,0,0.043,0.664,0,0,0.328,0,0,0,0,1.932,0.328
MT,NH,224,B,11,215,71,0.995,224B,T,0.099,0.02,0.007,0.006,0.088,0.109,0.012,0.007,0.118,1.162,0.047,0,0.529,0.246,0.041,0.013,0.034,0.016,0.024,0,0.435,4.142,0,0,22.734,0.235,0,0,0.002,30.125,22.969
WI,STB,138,A,11,216,73,0.32,138A,T,0.047,0.009,0.003,0,0.167,0.056,0.009,0,0.09,0.265,0.019,0,0.236,0.028,0,0,0,0,0,0,0.069,2.465,0,0,4.01,0.11,0,0,0.018,7.6,4.12
MT,MPG,82,A,11,217,164,0.9337,82A,T,0.258,0.038,0.037,0.014,0.218,0.285,0.045,0.014,0.499,1.629,0.113,0.008,1.044,0.469,0.078,0.04,0.068,0,0.047,0,0.036,6.061,0,0,39.772,3.019,0.093,0,0,53.886,42.791
MT,CWN,44,B,11,218,174,1.2793,44B,C,0.051,0.009,0.004,0.003,0.088,0.048,0.007,0.003,0.048,0.845,0.022,0,0.511,0.027,0.005,0,0,0.015,0.003,0,0.172,2.044,0,0,0.005,2.032,0,0,0,5.942,2.037
WI,BOL,20,A,14,264,19,1.463,20A,C,0.06,0.019,0.003,0,0.217,0.091,0.009,0,0.158,0.788,0.022,0,1.27,0.075,0.012,0,0.007,0,0,0,0,7.437,0,0,0.015,5.053,0,0,0.015,15.251,5.068
WI,SDA,111,A,14,265,349,1.447,111A,T,0.07,0.013,0.012,0,0.265,0.081,0.014,0.005,0.136,0.575,0.034,0,0.269,0.113,0.029,0.009,0.013,0,0.013,0,0.241,3.772,0,0,15.903,0.257,0,0,0,21.824,16.16
MT,NH,11,B,14,266,318,1.5787,11B,T,0.12,0.022,0.008,0,0.017,0.143,0.022,0.002,0.252,0.768,0.061,0,0.489,0.076,0.007,0,0.011,0,0.003,0,0,8.635,0,0,9.265,1.065,0,0,0.009,20.977,10.33
MT,MS,156,B,14,267,321,0.9679,156B,T,0.035,0.007,0.002,0,0.016,0.03,0.006,0.002,0.032,0.391,0.013,0,0.093,0.029,0.005,0,0,0,0,0,0.008,1.567,0,0,4.189,0.219,0,0,0,6.646,4.408
MT,MPG,80,A,14,268,296,1.563,80A,T,0.137,0.028,0.014,0.012,0.035,0.122,0.022,0.011,0.181,0.519,0.057,0,0.428,0.077,0.018,0,0,0,0,0,0,3.903,0,0,8.587,0.685,0,0,0.047,14.882,9.272
MT,MS,152,A,14,269,4,0.891,152A,T,0.029,0.005,0.008,0,0.013,0.04,0.007,0.003,0.062,0.19,0.011,0,0.159,0.02,0,0,0,0,0,0,0,2.877,0,0,3.277,0.174,0,0,0,6.876,3.451
WI,STB,143,A,14,270,332,1.282,143A,T,0.021,0.003,0,0,0.095,0.033,0.006,0.001,0.049,0.189,0.009,0,0.096,0.01,0,0,0,0,0,0,0.036,1.485,0,0,1.401,0,0,0,0,3.434,1.401
WI,STB,139,A,14,271,325,0.8397,139A,C,0.064,0.01,0.01,0,0.361,0.094,0.014,0,0.138,0.579,0.032,0,0.743,0.048,0.005,0,0,0,0,0,0.338,4.009,0,0,0,4.276,0,0.006,0.024,10.751,4.276
MT,MPG,85,B,14,272,327,0.9853,85B,C,0.049,0.009,0.004,0,0.046,0.064,0.008,0.003,0.055,0.293,0.015,0,0.167,0.023,0,0,0,0,0,0,0,2.607,0,0,0.025,6.739,0.005,0,0,10.112,6.764
WI,SDA,120,A,14,273,324,1.128,120A,NA,NA,NA,NA,NA,NA,NA,NA,NA,NA,NA,NA,NA,NA,NA,NA,NA,NA,NA,NA,NA,NA,NA,NA,NA,NA,NA,NA,NA,NA,NA,NA
WI,BEN,168,A,14,274,334,2.339,168A,C,0.052,0.012,0.009,0.004,0.138,0.066,0.011,0.006,0.063,0.287,0.025,0,0.225,0.021,0,0,0,0,0,0,0,1.284,0,0,0.019,3.968,0,0.014,0.019,6.224,3.987
MT,BF,132,B,14,275,333,0.843,132B,C,0.023,0.006,0.001,0,0.037,0.039,0.008,0.004,0.055,0.284,0.01,0,0.276,0.015,0,0,0,0,0,0,0.059,1.674,0,0,0,1.312,0,0,0,3.802,1.312
WI,SRD,182,B,14,276,309,0.902,182B,T,0,0,0,0,0.079,0.038,0.009,0.003,0.054,0.188,0.013,0,0.114,0.011,0,0,0,0,0,0,0.049,2.03,0,0,1.513,0,0,0,0,4.1,1.513
WI,BOL,20,B,14,277,246,0.6612,20B,T,0.104,0.02,0.01,0.006,0.343,0.106,0.018,0.007,0.14,1.126,0.057,0,0.326,0.081,0.013,0,0.009,0,0.012,0,0.107,4.645,0,0,7.643,0.463,0,0.009,0.018,15.263,8.106
MT,NH,2,B,14,278,298,1.338,2B,T,0.204,0.025,0.022,0.006,0.154,0.192,0.033,0.01,0.367,1.07,0.089,0,1.077,0.085,0.028,0,0.018,0,0.01,0,0,8.337,0,0,7.634,0.663,0,0,0.009,20.035,8.297
MT,NH,12,A,14,279,247,0.559,12A,T,0.129,0.027,0.025,0.009,0.008,0.177,0.017,0.006,0.183,2.201,0.083,0,1.164,0.114,0.007,0,0,0,0,0,0.159,8.787,0,0,8.314,0.537,0,0,0,21.947,8.851
WI,BEN,169,A,15,280,11,2.17,169A,T,0.074,0.014,0.008,0.005,0.856,0.075,0.011,0.006,0.097,0.746,0.032,0,0.324,0.108,0.022,0.007,0.015,0.006,0.012,0,0.02,3.337,0,0,13.133,0.928,0,0.016,0.022,19.875,14.061
WI,BEN,173,B,15,281,310,2.741,173B,T,0.016,0,0,0,0.086,0.024,0.008,0.004,0.037,0.181,0.016,0,0.094,0.012,0,0,0,0,0,0,0,2.001,0,0,1.468,0.098,0,0,0,4.044,1.566
MT,MPG,203,A,15,282,355,0.9296,203A,T,0.094,0.021,0.009,0.006,0.031,0.092,0.014,0.006,0.119,0.68,0.044,0.002,0.228,0.142,0.027,0.009,0.017,0,0.013,0,0.346,3.795,0,0,15.992,0.407,0,0,0.022,22.116,16.399
WI,UWM,37,A,15,283,354,2.7354,37A,C,0.127,0.02,0.013,0.007,0.302,0.142,0.021,0.007,0.143,0.609,0.054,0.004,0.417,0.053,0.008,0.002,0.006,0,0.005,0,0.006,1.771,0,0,0.022,11.503,0.05,0.008,0.004,15.303,11.525
WI,BEN,208,A,15,284,212,1.4513,208A,C,0.055,0.017,0.004,0.005,0.06,0.071,0.015,0.007,0.067,0.31,0.032,0,0.217,0.014,0,0,0,0,0,0,0,2.04,0,0,0.013,2.979,0,0,0,5.905,2.992
MT,MPG,205,A,15,285,256,0.375,205A,T,0.097,0.018,0.007,0.006,0.097,0.091,0.009,0.006,0.069,0.694,0.045,0,0.115,0.07,0.015,0,0.013,0,0.005,0,0.011,3.378,0,0,13.623,0.994,0,0,0,19.363,14.617
MT,NH,7,B,15,286,258,0.6239,7B,NA,NA,NA,NA,NA,NA,NA,NA,NA,NA,NA,NA,NA,NA,NA,NA,NA,NA,NA,NA,NA,NA,NA,NA,NA,NA,NA,NA,NA,NA,NA,NA
MT,MS,153,B,15,287,316,1.6035,153B,T,0.066,0.008,0.007,0.002,0.023,0.074,0.009,0.004,0.078,0.43,0.03,0,0.206,0.024,0,0,0.006,0,0,0,0.006,2.488,0,0,6.801,0.378,0,0,0,10.639,7.179
MT,MPG,87,A,15,288,347,1.504,87A,T,0.067,0.013,0.008,0,0.022,0.079,0.01,0.002,0.127,0.444,0.032,0,0.308,0.064,0.014,0.003,0.01,0,0,0,0.041,3.272,0,0,9.651,0.468,0,0,0.009,14.645,10.119
MT,MJS,65,A,15,289,294,1.227,65A,T,0.195,0.022,0.015,0.004,0.006,0.169,0.027,0.008,0.323,0.991,0.074,0,0.709,0.084,0.014,0.002,0.014,0,0.007,0,0.021,8.197,0,0,5.335,0.464,0,0,0.009,16.693,5.799
WI,SDA,115,B,15,290,8,2.468,115B,NA,NA,NA,NA,NA,NA,NA,NA,NA,NA,NA,NA,NA,NA,NA,NA,NA,NA,NA,NA,NA,NA,NA,NA,NA,NA,NA,NA,NA,NA,NA,NA
MT,MS,159,B,15,291,239,0.418,159B,T,0.036,0.006,0,0,0.037,0.058,0.01,0.003,0.081,0.28,0.023,0,0.212,0.017,0,0,0,0,0,0,0,2.845,0,0,2.958,0.115,0,0,0,6.68,3.073
MT,MJS,196,A,15,292,336,0.729,196A,T,0.296,0.045,0.03,0.011,0.042,0.347,0.062,0.017,0.526,1.661,0.154,0,0.73,0.099,0.023,0.006,0.015,0,0.011,0,0.019,7.602,0,0,19.528,1.423,0,0,0.013,32.661,20.951
WI,SRD,185,A,15,293,7,1.244,185A,C,0,0,0,0,0.078,0.032,0.005,0,0.037,0.14,0.013,0,0.187,0.01,0,0,0,0,0,0,0,0.943,0,0,0,1.26,0,0,0.005,2.712,1.26
WI,BOL,21,A,15,294,337,1.111,21A,C,0.073,0.009,0.006,0,0.147,0.075,0.009,0.005,0.061,0.373,0.035,0,0.206,0.015,0.004,0,0,0,0,0,0.093,1.507,0,0,0.005,4.716,0,0,0,7.341,4.721
WI,BEN,168,E,15,295,305,2.01,168E,T,0.069,0.015,0.007,0.006,0.155,0.056,0.011,0.007,0.072,0.261,0.022,0,0.131,0.037,0.006,0,0,0,0,0,0,1.754,0,0,4.568,0.332,0,0.008,0.022,7.537,4.9
MT,MPG,84,A,15,296,260,0.8906,84A,T,0.317,0.056,0.026,0.017,0.017,0.318,0.056,0.019,0.416,1.346,0.15,0.014,0.827,0.102,0.019,0,0.014,0,0.011,0,0.107,6.822,0,0,14.514,1.029,0,0,0.06,26.256,15.543
MT,MS,218,B,15,297,243,0.6081,218B,T,0.035,0.012,0.025,0,0.014,0.064,0.013,0.006,0.112,0.399,0.028,0,0.281,0.031,0.006,0,0.007,0,0,0,0,4.199,0,0,3.752,0.368,0,0,0,9.351,4.12
MT,MS,153,A,15,298,234,0.5562,153A,T,0.054,0.014,0.019,0.003,0.03,0.067,0.012,0.005,0.109,0.297,0.031,0,0.219,0.024,0.006,0,0,0,0,0,0.003,2.603,0,0,4.934,0.198,0,0,0.004,8.632,5.132
WI,BEN,164,A,15,299,228,0.9491,164A,C,0.011,0.004,0.007,0,0.058,0,0,0,0.007,0.103,0,0,0.052,0.001,0,0,0,0,0,0,0,0.848,0,0,0,1.432,0,0,0,2.523,1.432
MT,MS,154,B,16,300,351,1.562,154B,T,0.054,0.012,0.012,0,0.033,0.07,0.011,0,0.131,0.379,0.021,0,0.308,0.048,0.008,0,0,0,0,0,0,3.33,0,0,7.059,0.328,0,0,0,11.802,7.387
MT,BF,131,B,16,301,240,0.4292,131B,C,0.098,0.014,0,0,0.023,0.139,0.017,0,0.142,0.646,0.059,0,0.409,0.023,0,0,0,0,0,0,0.077,1.929,0,0,0.04,6.291,0,0,0,9.907,6.331
WI,BEN,173,E,16,302,348,2.583,173E,C,0.039,0.014,0.005,0.003,0.05,0.057,0.007,0.003,0.033,0.47,0.024,0,0.255,0.022,0,0,0,0,0,0,0,1.677,0,0,0.02,3.922,0,0,0.009,6.609,3.942
MT,MS,217,B,16,303,329,1.0272,217B,T,0.217,0.04,0.021,0.008,0.038,0.198,0.038,0.016,0.32,0.893,0.089,0,0.599,0.071,0.013,0.008,0.008,0,0.008,0,0.008,4.088,0,0,9.769,0.849,0.005,0,0.014,17.315,10.618
MT,MS,155,B,16,304,214,2.217,155B,T,0.242,0.034,0.021,0.011,0.055,0.25,0.026,0.011,0.249,1.598,0.105,0,0.393,0.295,0.069,0.018,0.039,0,0.026,0,0.029,6.944,0,0,31.852,2.357,0.01,0,0.014,44.649,34.209
MT,BF,128,A,16,305,16,0.763,128A,C,0.04,0.007,0.013,0,0.017,0.065,0.011,0.002,0.068,0.369,0.027,0,0.347,0.017,0,0,0,0,0,0,0.033,1.397,0,0,0,2.862,0,0,0,5.275,2.862
MT,NH,4,A,16,306,20,1.198,4A,T,0.234,0.026,0.018,0.008,0.015,0.205,0.036,0.012,0.32,0.998,0.099,0,0.441,0.067,0.01,0.004,0.011,0,0.005,0,0.132,6.171,0,0,7.345,0.517,0.016,0,0,16.689,7.862
MT,NH,1,A,16,307,350,1.187,1A,T,0.603,0.078,0.055,0.021,0.02,0.578,0.09,0.035,0.755,2.604,0.275,0.009,0.99,0.295,0.058,0.019,0.045,0,0.033,0,0.019,12.448,0,0,28.128,2.461,0.028,0,0.026,49.675,30.589
MT,MJS,59,B,16,308,306,1.254,59B,T,0.187,0.032,0.038,0.014,0.106,0.243,0.04,0.008,0.441,1.397,0.105,0,1.124,0.111,0.018,0,0.018,0,0.011,0,0.129,11.404,0,0,7.608,0.459,0,0,0,23.493,8.067
MT,BF,121,A,16,309,12,0.525,121A,C,0.058,0.011,0.017,0,0.054,0.084,0,0,0.109,0.442,0.033,0,0.589,0.041,0,0,0,0,0,0,0.067,3.003,0,0,0.039,7.928,0,0,0,12.475,7.967
WI,BOL,15,B,16,310,257,0.2978,15B,T,0.074,0.013,0.006,0,0.544,0.085,0.009,0.001,0.152,0.424,0.024,0,0.596,0.052,0.005,0,0,0,0.001,0,0.082,5.215,0,0,3.11,0.13,0,0.01,0.017,10.549,3.24
MT,MS,219,B,16,311,37,0.298,219B,T,0.096,0.029,0.047,0.012,0.083,0.116,0.023,0.011,0.226,0.707,0.051,0,0.515,0.085,0.022,0.007,0.011,0,0.007,0,0.012,5.349,0,0,6.775,0.518,0,0,0,14.7,7.293
WI,BEN,170,A,16,312,302,1.398,170A,C,0.213,0.04,0.025,0.012,0.231,0.206,0.03,0.016,0.199,0.888,0.082,0.007,0.685,0.121,0.036,0.009,0.015,0,0.011,0,0.342,1.948,0,0,0.052,18.574,0.044,0.02,0.027,23.836,18.626
MT,MPG,80,B,16,313,276,2.981,80B,T,0.26,0.039,0.028,0.011,0.091,0.291,0.055,0.017,0.47,1.466,0.14,0.006,0.711,0.095,0.017,0.003,0.016,0,0.011,0,0.01,7.405,0,0,11.217,0.945,0,0,0.019,23.321,12.162
WI,BEN,163,A,16,314,232,0.7966,163A,T,0.08,0.027,0.031,0.007,0.345,0.104,0.018,0.005,0.167,0.599,0.04,0,0.644,0.113,0.027,0,0.015,0,0.019,0,0,3.393,0,0,13.443,1.078,0,0,0.018,20.173,14.521
WI,SDA,119,A,16,315,263,1.5822,119A,T,0.062,0.016,0.021,0,0.154,0.074,0.023,0,0.117,0.384,0.03,0,0.404,0.049,0.014,0,0.011,0,0,0,0.109,3.147,0,0,5.393,0.124,0,0.014,0.022,10.168,5.517
MT,MPG,83,B,16,316,236,0.5514,83B,C,0.076,0.016,0.009,0,0.026,0.108,0.01,0.004,0.091,0.7,0.046,0,0.567,0.046,0.008,0,0.009,0.002,0.003,0,0.023,2.857,0,0,0.06,10.474,0,0,0.009,15.146,10.534
WI,SDA,120,B,16,317,264,2.0732,120B,T,0.009,0.003,0,0,0.118,0.013,0,0,0.015,0.27,0.01,0,0.068,0.011,0,0,0,0,0,0,0.032,1.146,0,0,1.402,0,0,0,0,3.097,1.402
MT,MPG,203,B,16,318,NA,NA,203B,NA,NA,NA,NA,NA,NA,NA,NA,NA,NA,NA,NA,NA,NA,NA,NA,NA,NA,NA,NA,NA,NA,NA,NA,NA,NA,NA,NA,NA,NA,NA,NA
WI,BEN,172,A,16,319,271,1.183,172A,T,0.093,0.023,0.009,0.006,0.104,0.102,0.019,0.007,0.357,0.448,0.042,0.005,0.618,0.029,0.007,0,0.004,0,0,0,0.031,2.415,0,0,2.679,0.201,0,0.007,0.008,7.214,2.88
WI,STB,137,A,17,320,300,1.907,137A,T,0.046,0.009,0,0,0.113,0.049,0.008,0.004,0.037,0.683,0.028,0,0.187,0.037,0.01,0,0.008,0.019,0.003,0,0.193,2.232,0,0,3.121,0.02,0,0.013,0.024,6.846,3.141
WI,BOL,210,A,17,321,315,1.3114,210A,C,0.044,0.016,0.012,0.003,0.283,0.079,0.011,0.006,0.09,0.606,0.039,0,0.529,0.029,0.008,0.002,0.006,0,0.01,0,0.008,1.729,0,0,0.015,4.657,0,0.007,0.012,8.199,4.672
WI,BOL,212,B,17,322,288,0.879,212B,C,0.129,0.024,0.018,0.009,0.783,0.179,0.025,0.01,0.158,0.979,0.078,0.006,0.571,0.196,0.033,0.009,0.025,0.003,0.016,0,0.027,1.278,0,0,0.316,29.407,0.055,0.008,0.016,34.358,29.723
MT,CWN,48,B,17,323,286,0.777,48B,C,0.106,0.015,0.012,0.004,0.06,0.121,0.021,0.006,0.188,0.604,0.053,0,0.684,0.019,0.004,0,0.006,0,0,0,0.143,2.552,0,0,0.012,5.475,0,0,0.002,10.087,5.487
WI,BOL,17,B,17,324,328,1.4365,17B,C,0.104,0.019,0.009,0,0.251,0.123,0.009,0.004,0.113,0.648,0.047,0.001,0.391,0.061,0.008,0,0.001,0,0.001,0,0.001,2.761,0,0,0.018,10.09,0.008,0,0.01,14.677,10.108
WI,STB,198,B,17,325,225,1.5043,198B,T,0.046,0.013,0.007,0.003,0.09,0.052,0.009,0.005,0.07,0.219,0.021,0,0.171,0.02,0.004,0,0.005,0,0,0,0.102,2.06,0,0,1.563,0,0,0.011,0.024,4.495,1.563
MT,NH,10,A,17,326,322,0.4643,10A,T,0.182,0.022,0.147,0,0,0.219,0.023,0.003,0.271,1.325,0.076,0,0.425,0.086,0.006,0,0.005,0,0,0,0,9.451,0,0,11.845,0.791,0,0,0,24.878,12.636
MT,MS,157,A,17,327,295,1.099,157A,T,0.079,0.016,0.018,0,0.055,0.101,0.02,0.008,0.153,0.541,0.04,0,0.336,0.073,0.015,0,0.009,0,0,0,0,6.829,0,0,11.253,0.989,0,0,0.015,20.55,12.242
MT,MS,161,A,17,328,326,1.084,161A,NA,NA,NA,NA,NA,NA,NA,NA,NA,NA,NA,NA,NA,NA,NA,NA,NA,NA,NA,NA,NA,NA,NA,NA,NA,NA,NA,NA,NA,NA,NA,NA
MT,MS,152,C,17,329,303,0.557,152C,T,0.102,0.02,0.009,0.004,0.071,0.097,0.016,0.006,0.146,0.739,0.043,0.002,0.374,0.114,0.02,0.009,0.016,0.003,0.008,0.007,0.013,5.415,0,0,10.937,0.922,0,0,0.006,19.1,11.859
MT,MS,157,C,17,330,291,0.595,157C,NA,NA,NA,NA,NA,NA,NA,NA,NA,NA,NA,NA,NA,NA,NA,NA,NA,NA,NA,NA,NA,NA,NA,NA,NA,NA,NA,NA,NA,NA,NA,NA
MT,MS,154,A,17,331,237,0.5817,154A,T,0.092,0.019,0.008,0.005,0.108,0.094,0.014,0.006,0.102,1.083,0.046,0,0.298,0.089,0.015,0.006,0.014,0.012,0.008,0,0.019,4.747,0,0,9.053,0.64,0,0,0.013,16.493,9.693
WI,BEN,209,D,17,332,18,3.091,209D,C,0.062,0.012,0.005,0.006,0.132,0.052,0.009,0.005,0.046,0.23,0.023,0.002,0.138,0.026,0.006,0,0.005,0,0.003,0,0.051,1.671,0,0,0.008,4.214,0,0,0.025,6.729,4.222
MT,BF,215,B,17,333,268,0.6165,215B,C,0.167,0.032,0.016,0.012,0.041,0.207,0.041,0.013,0.277,0.817,0.086,0.007,1.445,0.057,0.009,0,0.009,0,0.007,0,0.007,3.02,0,0,0.023,12.168,0,0,0.023,18.483,12.191
WI,BOL,14,B,17,334,261,1.6295,14B,T,0.075,0.012,0.003,0,0.023,0.079,0.014,0.006,0.115,0.583,0.048,0,0.171,0.034,0.006,0,0,0,0,0,0,4.381,0,0,3.761,0.356,0,0,0,9.667,4.117
MT,MS,150,C,17,335,262,0.4637,150C,T,0.124,0.024,0.019,0.008,0.031,0.122,0.02,0.011,0.193,0.567,0.054,0,0.59,0.08,0.018,0.005,0.015,0,0.006,0,0.01,4.333,0,0,8.223,0.502,0,0,0.04,14.995,8.725
WI,BEN,170,C,17,336,267,0.9063,170C,C,0,0.014,0.003,0,0.197,0.037,0.007,0.004,0.034,0.213,0.016,0,0.142,0.022,0.007,0,0,0,0,0,0.122,1.784,0,0,0.012,3.833,0,0.014,0.017,6.474,3.845
WI,BEN,169,D,17,337,270,1.486,169D,G,0,0,0,0,0.07,0.079,0,0,0.004,0.022,0,0.007,0.048,0.023,0.039,0.005,0,0,0.004,0.053,0.029,0,24.758,0.393,0,0,0,0.037,0.038,25.61,0
MT,MS,150,B,17,338,244,0.6826,150B,T,0.043,0.004,0,0,0.027,0.068,0.011,0.007,0.077,0.437,0.031,0,0.201,0.024,0,0,0,0,0,0,0,2.618,0,0,5.636,0.248,0,0,0.009,9.442,5.884
MT,NH,7,A,17,339,259,0.215,7A,T,0.272,0.034,0.03,0.01,0.026,0.278,0.039,0.013,0.426,2.381,0.135,0,1.084,0.239,0.068,0.011,0.036,0,0.027,0,0.012,17.494,0,0,17.928,2.035,0.005,0,0.015,42.597,19.963
MT,MPG,84,B,18,340,254,0.7761,84B,T,0.059,0.016,0.005,0.003,0.005,0.053,0.006,0.004,0.024,0.94,0.035,0,0.064,0.061,0.012,0.004,0.005,0.019,0.003,0,0.121,0.888,0,0,3.819,0.129,0,0,0.006,6.28,3.948
WI,SDA,110,A,18,341,308,1.469,110A,T,0.017,0.003,0,0,0.093,0.025,0,0,0.043,0.134,0.006,0,0.109,0.01,0,0,0,0,0,0,0.035,1.491,0,0,1.351,0.08,0,0,0,3.398,1.431
MT,BF,130,B,18,342,249,1.8568,130B,C,0.129,0.016,0.022,0,0.042,0.21,0.033,0.011,0.292,1.212,0.086,0.001,1.581,0.065,0,0,0.007,0,0,0,0.254,5.655,0,0,0.025,9.875,0,0,0,19.519,9.9
WI,SDA,109,A,18,343,217,2.085,109A,T,0.065,0.012,0.007,0.003,0.063,0.076,0.016,0.005,0.117,0.344,0.033,0,0.292,0.025,0,0,0,0,0,0,0.125,2.589,0,0,2.225,0.093,0,0,0.012,6.103,2.318
WI,BEN,173,A,18,344,340,2.635,173A,C,0.077,0.022,0.009,0.003,0.142,0.082,0.013,0.007,0.072,0.331,0.032,0,0.236,0.033,0.009,0,0,0,0,0,0.184,2.004,0,0,0.029,5.391,0,0.017,0.05,8.746,5.42
MT,BF,129,B,18,345,255,0.6357,129B,C,0.101,0.016,0.013,0,0.163,0.143,0.017,0.007,0.235,1.021,0.057,0.007,2.89,0.073,0.01,0.004,0.01,0,0.008,0,0.022,2.678,0,0,0.027,4.219,0,0,0.023,11.746,4.246
MT,NH,223,A,18,346,266,1.8213,223A,T,0.053,0.014,0,0,0.025,0.047,0.008,0.003,0.039,0.542,0.02,0,0.07,0.025,0,0,0.003,0.017,0.003,0,0.112,1.539,0,0,1.829,0.07,0,0,0,4.419,1.899
MT,MS,160,E,18,347,253,0.9268,160E,T,0.057,0.038,0,0,0.103,0.103,0.019,0.004,0.172,0.617,0.042,0.002,0.385,0.062,0.014,0.006,0.014,0,0.008,0,0.126,4.345,0,0,12.736,0.232,0,0,0,19.085,12.968
WI,STB,199,A,18,348,230,2.756,199A,T,0,0,0,0,0.188,0.016,0,0,0.023,0.138,0.006,0,0.044,0.016,0,0,0,0,0,0,0.037,1.254,0,0,2.67,0,0,0,0,4.392,2.67
WI,STB,143,B,18,349,313,2.346,143B,T,0.084,0.013,0.011,0,0.339,0.081,0.013,0.004,0.124,0.465,0.033,0,0.275,0.091,0.02,0.007,0.013,0,0.009,0,0.093,1.226,0,0,12.057,0.606,0.029,0.008,0.016,15.616,12.663
MT,MS,154,C,18,350,252,0.5901,154C,T,0.059,0.012,0.006,0.003,0.078,0.066,0.006,0.003,0.064,0.518,0.027,0,0.121,0.076,0.014,0.004,0.008,0,0.005,0,0.013,2.043,0,0,16.164,1.021,0,0,0,20.31,17.185
MT,MS,161,C,18,351,215,1.2929,161C,T,0.107,0.019,0.01,0.006,0.023,0.093,0.019,0.01,0.121,0.461,0.041,0.003,0.423,0.052,0.009,0.006,0.008,0,0.008,0,0.066,3.1,0,0,7.186,0.317,0,0.003,0.008,12.1,7.503
WI,BEN,208,D,18,352,274,2.407,208D,T,0.021,0.006,0.005,0,0.06,0.029,0.005,0.003,0.017,0.614,0.014,0,0.12,0.011,0.005,0,0,0.009,0,0,0,1.232,0,0,1.546,0.089,0,0,0,3.784,1.635
MT,CWN,229,A,18,354,250,0.4026,229A,T,0.142,0.02,0.015,0.007,0.1,0.157,0.029,0.008,0.296,0.797,0.068,0,0.607,0.098,0.016,0.004,0.011,0,0.012,0,0.153,7.283,0,0,10.146,0.508,0.009,0,0,20.484,10.654
WI,BEN,164,C,18,355,275,4.696,164C,C,0.024,0.006,0.002,0.002,0.145,0.03,0.006,0.003,0.031,0.145,0.012,0,0.136,0.018,0,0,0,0,0,0,0.054,1.239,0,0,0.022,4.14,0,0,0.005,6.019,4.162
MT,MS,159,D,18,356,251,0.9337,159D,T,0.058,0.01,0.004,0.003,0.005,0.046,0.006,0.005,0.04,0.615,0.023,0,0.082,0.036,0.008,0,0.003,0.009,0,0,0.011,1.594,0,0,3.28,0.226,0,0,0,6.064,3.506
WI,BEN,167,D,18,357,265,1.7112,167D,T,0.015,0.008,0,0,0.059,0.018,0.005,0.002,0.024,0.078,0.008,0,0.047,0.009,0,0,0,0,0,0,0,0.689,0,0,1.379,0,0,0,0,2.343,1.379
MT,MS,220,A,18,358,273,2.012,220A,T,0.081,0.019,0.007,0.005,0.004,0.085,0.015,0.006,0.106,0.365,0.039,0,0.284,0.03,0.005,0.003,0.003,0,0.005,0,0.006,2.057,0,0,4.859,0.429,0,0,0.003,8.416,5.288
WI,SDA,227,C,18,359,235,0.5234,227C,NA,NA,NA,NA,NA,NA,NA,NA,NA,NA,NA,NA,NA,NA,NA,NA,NA,NA,NA,NA,NA,NA,NA,NA,NA,NA,NA,NA,NA,NA,NA,NA
WI,SDA,227,D,18,353,65,0.768,227D,NA,NA,NA,NA,NA,NA,NA,NA,NA,NA,NA,NA,NA,NA,NA,NA,NA,NA,NA,NA,NA,NA,NA,NA,NA,NA,NA,NA,NA,NA,NA,NA
NA,NA,147,A,NA,NA,NA,NA,NA,T,0.292,0.044,0.033,0.014,0.506,0.312,0.05,0.014,0.493,1.429,0.127,0.008,1.529,0.184,0.029,0.009,0.022,0,0.019,0,0.312,4.386,0,0,27.205,1.382,0.013,0.011,0.034,38.457,28.587
NA,NA,147,C,NA,NA,NA,NA,NA,C,0.062,0.008,0.005,0,0.112,0.052,0.012,0.004,0.06,0.209,0.018,0,0.267,0.017,0,0,0,0,0,0,0.053,1.877,0,0,0.005,2.737,0,0,0.013,5.511,2.742
NA,NA,228,B,NA,NA,NA,NA,NA,T,0.031,0,0.011,0,0.11,0.055,0.017,0.008,0.087,0.303,0.029,0,0.172,0.029,0,0,0,0,0,0,0.058,3.139,0,0,2.447,0,0,0,0,6.497,2.447
